   ,Player              ,Pos  ,Age ,Tm ,G   ,GS  ,MP  ,FG  ,FGA ,FG%  ,3P ,3PA,3P%  ,2P  ,2PA ,2P%  ,eFG% ,FT ,FTA ,FT%  ,ORB,DRB,TRB ,AST ,STL,BLK,TOV,PF ,PTS
0  ,Tariq Abdul-Wahad   ,SG   ,24.0,SAC,49.0,49.0,24.6,3.6 ,8.3 ,0.435,0.1,0.4,0.286,3.5 ,7.9 ,0.443,0.442,1.9,2.8 ,0.691,1.5,2.3,3.8 ,1.0 ,1.0,0.3,1.4,2.5,9.3
1  ,Shareef Abdur-Rahim ,SF   ,22.0,VAN,50.0,50.0,40.4,7.7 ,17.9,0.432,0.2,0.7,0.306,7.5 ,17.1,0.438,0.438,7.4,8.8 ,0.841,2.3,5.2,7.5 ,3.4 ,1.4,1.1,3.7,2.7,23.0
2  ,Cory Alexander      ,PG   ,25.0,DEN,36.0,4.0 ,21.6,2.7 ,7.2 ,0.373,0.8,2.9,0.286,1.9 ,4.3 ,0.432,0.431,1.0,1.2 ,0.841,0.2,1.9,2.1 ,3.3 ,1.0,0.1,1.9,2.1,7.3
3  ,Ray Allen*          ,SG   ,23.0,MIL,50.0,50.0,34.4,6.1 ,13.5,0.45 ,1.5,4.2,0.356,4.6 ,9.3 ,0.492,0.505,3.5,3.9 ,0.903,1.1,3.1,4.2 ,3.6 ,1.1,0.1,2.4,2.3,17.1
5  ,Derek Anderson      ,SG   ,24.0,CLE,38.0,13.0,25.7,3.3 ,8.3 ,0.398,0.6,1.8,0.304,2.7 ,6.4 ,0.424,0.432,3.6,4.3 ,0.836,0.5,2.3,2.9 ,3.8 ,1.3,0.1,2.2,1.9,10.8
6  ,Kenny Anderson      ,PG   ,28.0,BOS,34.0,33.0,29.7,4.7 ,10.5,0.451,0.2,0.7,0.25 ,4.6 ,9.8 ,0.465,0.459,2.5,3.0 ,0.832,0.7,2.3,3.0 ,5.7 ,1.0,0.1,2.1,2.3,12.1
7  ,Nick Anderson       ,SF   ,31.0,ORL,47.0,39.0,33.6,5.4 ,13.6,0.395,2.0,5.9,0.347,3.3 ,7.7 ,0.433,0.47 ,2.1,3.4 ,0.611,1.1,4.8,5.9 ,1.9 ,1.4,0.3,1.8,1.5,14.9
8  ,Shandon Anderson    ,SG   ,25.0,UTA,50.0,2.0 ,21.4,3.2 ,7.3 ,0.446,0.3,0.8,0.341,3.0 ,6.4 ,0.46 ,0.466,1.8,2.5 ,0.712,1.0,1.7,2.6 ,1.1 ,0.8,0.2,1.3,1.8,8.5
9  ,Chris Anstey        ,C    ,24.0,DAL,41.0,4.0 ,11.5,1.2 ,3.4 ,0.36 ,0.0,0.2,0.0  ,1.2 ,3.2 ,0.379,0.36 ,0.8,1.2 ,0.708,0.9,1.5,2.4 ,0.7 ,0.4,0.3,0.6,2.4,3.3
10 ,Greg Anthony        ,PG   ,31.0,POR,50.0,0.0 ,16.1,2.1 ,5.0 ,0.414,1.0,2.5,0.392,1.1 ,2.5 ,0.437,0.512,1.2,1.8 ,0.697,0.3,1.0,1.3 ,2.0 ,1.3,0.1,1.1,1.5,6.4
11 ,B.J. Armstrong      ,PG   ,31.0,TOT,32.0,1.0 ,11.2,1.3 ,2.8 ,0.455,0.2,0.5,0.467,1.0 ,2.3 ,0.452,0.494,0.6,0.7 ,0.857,0.1,1.2,1.2 ,1.9 ,0.4,0.0,0.8,1.0,3.3
14 ,Darrell Armstrong   ,PG   ,30.0,ORL,50.0,15.0,30.0,4.6 ,10.4,0.441,1.4,3.8,0.365,3.2 ,6.7 ,0.483,0.507,3.2,3.6 ,0.904,1.1,2.5,3.6 ,6.7 ,2.2,0.1,3.2,1.8,13.8
15 ,Keith Askins        ,SF   ,31.0,MIA,33.0,13.0,12.6,0.6 ,1.9 ,0.323,0.2,0.9,0.276,0.4 ,1.0 ,0.364,0.387,0.2,0.2 ,0.625,0.3,1.0,1.3 ,0.3 ,0.5,0.1,0.4,1.8,1.6
16 ,Stacey Augmon       ,SF   ,30.0,POR,48.0,21.0,18.2,1.6 ,3.6 ,0.448,0.0,0.0,0.0  ,1.6 ,3.6 ,0.453,0.448,1.1,1.6 ,0.684,1.0,1.6,2.6 ,1.2 ,1.2,0.4,0.6,1.7,4.3
17 ,Isaac Austin        ,C    ,29.0,ORL,49.0,49.0,25.7,3.8 ,9.2 ,0.408,0.0,0.1,0.286,3.7 ,9.1 ,0.41 ,0.411,2.1,3.2 ,0.669,1.7,3.1,4.8 ,1.8 ,1.0,0.7,2.3,2.6,9.7
19 ,Thurl Bailey        ,PF   ,37.0,UTA,43.0,0.0 ,12.6,1.8 ,4.1 ,0.446,0.0,0.0,0.0  ,1.8 ,4.0 ,0.451,0.446,0.6,0.8 ,0.735,0.8,1.3,2.2 ,0.6 ,0.2,0.7,0.6,1.8,4.2
20 ,Toby Bailey         ,SG   ,23.0,PHO,27.0,10.0,9.2 ,1.3 ,3.2 ,0.395,0.0,0.2,0.2  ,1.2 ,3.0 ,0.407,0.401,0.3,0.5 ,0.692,0.9,1.1,2.0 ,0.5 ,0.3,0.1,0.4,0.9,2.9
23 ,Vin Baker           ,PF   ,27.0,SEA,34.0,31.0,34.2,5.8 ,12.9,0.453,0.0,0.1,0.0  ,5.8 ,12.8,0.456,0.453,2.1,4.7 ,0.45 ,2.5,3.7,6.2 ,1.6 ,0.9,1.0,2.2,3.6,13.8
24 ,Charles Barkley*    ,PF   ,35.0,HOU,42.0,40.0,36.3,5.7 ,12.0,0.478,0.1,0.6,0.16 ,5.6 ,11.4,0.495,0.482,4.6,6.4 ,0.719,4.0,8.3,12.3,4.6 ,1.0,0.3,2.4,2.1,16.1
25 ,Dana Barros         ,PG   ,31.0,BOS,50.0,16.0,23.1,3.4 ,7.4 ,0.453,1.3,3.2,0.4  ,2.1 ,4.2 ,0.493,0.539,1.3,1.5 ,0.877,0.3,1.8,2.1 ,4.2 ,1.0,0.1,1.8,1.3,9.3
26 ,Brent Barry         ,SG   ,27.0,CHI,37.0,30.0,31.9,3.8 ,9.6 ,0.396,1.4,4.6,0.302,2.4 ,5.0 ,0.484,0.469,2.1,2.7 ,0.772,1.1,2.8,3.9 ,3.1 ,1.1,0.3,1.9,2.6,11.1
27 ,Drew Barry          ,SG   ,25.0,SEA,17.0,0.0 ,10.8,0.6 ,1.9 ,0.313,0.5,1.4,0.333,0.1 ,0.5 ,0.25 ,0.438,0.5,0.8 ,0.692,0.2,1.0,1.2 ,1.7 ,0.4,0.1,0.7,1.4,2.2
28 ,Jon Barry           ,SG   ,29.0,SAC,43.0,0.0 ,17.1,1.4 ,3.2 ,0.428,0.6,1.8,0.304,0.8 ,1.4 ,0.593,0.514,1.7,2.0 ,0.845,0.6,1.7,2.2 ,2.6 ,1.2,0.1,1.1,1.4,5.0
29 ,Tony Battie         ,C    ,22.0,BOS,50.0,15.0,22.4,2.9 ,5.7 ,0.519,0.0,0.1,0.0  ,2.9 ,5.6 ,0.525,0.519,0.8,1.2 ,0.672,1.9,4.1,6.0 ,1.1 ,0.6,1.4,0.9,3.2,6.7
30 ,Corey Beck          ,PG   ,27.0,TOT,24.0,0.0 ,7.5 ,0.8 ,1.6 ,0.462,0.0,0.0,1.0  ,0.7 ,1.6 ,0.447,0.474,0.3,0.6 ,0.533,0.3,0.9,1.2 ,0.8 ,0.4,0.1,0.5,1.1,1.9
34 ,Corey Benjamin      ,PG   ,20.0,CHI,31.0,1.0 ,10.3,1.4 ,3.8 ,0.376,0.1,0.5,0.214,1.3 ,3.3 ,0.398,0.389,0.9,1.3 ,0.675,0.5,0.8,1.3 ,0.3 ,0.4,0.3,0.7,1.5,3.8
36 ,Travis Best         ,PG   ,26.0,IND,49.0,0.0 ,21.3,2.6 ,6.2 ,0.416,0.4,1.2,0.373,2.1 ,5.0 ,0.427,0.452,1.4,1.7 ,0.843,0.4,1.2,1.6 ,3.4 ,0.9,0.1,1.3,2.3,7.1
37 ,Mike Bibby          ,PG   ,20.0,VAN,50.0,50.0,35.2,5.2 ,12.1,0.43 ,0.3,1.5,0.203,4.9 ,10.6,0.461,0.442,2.5,3.4 ,0.751,0.6,2.1,2.7 ,6.5 ,1.6,0.1,2.9,2.4,13.2
38 ,Chauncey Billups    ,SG   ,22.0,DEN,45.0,41.0,33.1,4.2 ,11.0,0.386,1.9,5.2,0.362,2.4 ,5.8 ,0.408,0.472,3.5,3.8 ,0.913,0.5,1.6,2.1 ,3.8 ,1.3,0.3,2.2,2.6,13.9
39 ,Mookie Blaylock     ,PG   ,31.0,ATL,48.0,48.0,36.7,5.1 ,13.6,0.379,1.6,5.2,0.307,3.5 ,8.3 ,0.425,0.439,1.4,1.9 ,0.758,0.9,3.7,4.7 ,5.8 ,2.1,0.2,2.4,1.3,13.3
40 ,Corie Blount        ,PF   ,30.0,TOT,34.0,3.0 ,15.6,1.1 ,2.9 ,0.36 ,0.0,0.0,0.0  ,1.1 ,2.9 ,0.364,0.36 ,0.8,1.6 ,0.519,1.7,2.7,4.4 ,0.4 ,0.6,0.5,0.6,2.2,2.9
43 ,Muggsy Bogues       ,PG   ,34.0,GSW,36.0,5.0 ,19.8,2.1 ,4.3 ,0.494,0.0,0.2,0.0  ,2.1 ,4.1 ,0.514,0.494,0.9,1.0 ,0.861,0.4,1.6,2.0 ,3.7 ,1.2,0.0,1.3,1.2,5.1
45 ,Keith Booth         ,SF   ,24.0,CHI,39.0,4.0 ,11.1,1.3 ,3.9 ,0.325,0.0,0.3,0.1  ,1.2 ,3.6 ,0.34 ,0.328,0.5,1.1 ,0.5  ,0.6,1.7,2.4 ,1.0 ,0.6,0.3,1.0,1.5,3.1
46 ,Bruce Bowen         ,SF   ,27.0,BOS,30.0,1.0 ,16.5,0.9 ,3.1 ,0.28 ,0.2,0.9,0.269,0.6 ,2.2 ,0.284,0.317,0.4,0.8 ,0.458,0.5,1.2,1.7 ,0.9 ,0.7,0.3,0.4,1.7,2.3
48 ,Earl Boykins        ,PG   ,22.0,TOT,22.0,0.0 ,10.0,1.4 ,3.6 ,0.38 ,0.1,0.8,0.167,1.2 ,2.8 ,0.443,0.399,0.1,0.1 ,0.667,0.3,0.5,0.8 ,1.5 ,0.3,0.0,0.9,0.9,3.0
51 ,Shawn Bradley       ,C    ,26.0,DAL,49.0,33.0,26.4,3.4 ,7.1 ,0.48 ,0.0,0.1,0.0  ,3.4 ,7.0 ,0.485,0.48 ,1.8,2.3 ,0.748,2.7,5.3,8.0 ,0.8 ,0.7,3.2,1.1,3.1,8.6
52 ,Terrell Brandon     ,PG   ,28.0,TOT,36.0,34.0,33.8,5.9 ,14.1,0.418,0.3,1.3,0.255,5.6 ,12.8,0.435,0.43 ,1.8,2.2 ,0.833,0.8,3.0,3.7 ,8.6 ,1.8,0.3,2.1,2.3,13.9
55 ,Chucky Brown        ,PF   ,30.0,CHH,48.0,21.0,24.8,3.7 ,7.8 ,0.472,0.3,0.8,0.375,3.4 ,6.9 ,0.483,0.492,0.8,1.2 ,0.678,0.8,2.9,3.6 ,1.2 ,0.3,0.4,0.8,2.2,8.5
56 ,Dee Brown           ,PG   ,30.0,TOR,49.0,0.0 ,28.1,3.8 ,10.1,0.378,2.8,7.1,0.387,1.1 ,3.0 ,0.356,0.514,0.8,1.1 ,0.727,0.3,1.8,2.1 ,2.9 ,1.1,0.2,1.6,1.5,11.2
57 ,Gerald Brown        ,SG   ,23.0,PHO,33.0,0.0 ,7.2 ,1.0 ,2.7 ,0.371,0.1,0.3,0.3  ,0.9 ,2.4 ,0.38 ,0.388,0.3,0.4 ,0.786,0.2,0.5,0.7 ,0.9 ,0.2,0.0,0.7,0.6,2.4
59 ,Randy Brown         ,PG   ,30.0,CHI,39.0,32.0,29.2,3.4 ,8.2 ,0.414,0.0,0.3,0.0  ,3.4 ,7.9 ,0.427,0.414,2.0,2.6 ,0.757,0.7,2.7,3.4 ,3.8 ,1.7,0.2,2.1,2.4,8.8
60 ,Rick Brunson        ,PG   ,26.0,NYK,17.0,0.0 ,5.6 ,0.4 ,1.2 ,0.286,0.0,0.3,0.0  ,0.4 ,0.9 ,0.375,0.286,0.3,1.1 ,0.278,0.2,0.4,0.6 ,1.1 ,0.5,0.0,0.7,0.5,1.0
61 ,Kobe Bryant*        ,SG   ,20.0,LAL,50.0,50.0,37.9,7.2 ,15.6,0.465,0.5,2.0,0.267,6.7 ,13.6,0.494,0.482,4.9,5.8 ,0.839,1.1,4.2,5.3 ,3.8 ,1.4,1.0,3.1,3.1,19.9
62 ,Mark Bryant         ,PF   ,33.0,CHI,45.0,29.0,26.8,3.7 ,7.7 ,0.483,0.0,0.0,0.0  ,3.7 ,7.7 ,0.484,0.483,1.6,2.4 ,0.645,2.0,3.1,5.2 ,1.1 ,0.8,0.4,1.5,3.3,9.0
63 ,Jud Buechler        ,SF   ,30.0,DET,50.0,0.0 ,21.1,2.0 ,4.8 ,0.417,1.2,3.0,0.412,0.8 ,1.8 ,0.424,0.544,0.3,0.4 ,0.722,0.6,2.1,2.7 ,1.1 ,0.7,0.3,0.4,1.7,5.5
64 ,Matt Bullard        ,PF   ,31.0,HOU,41.0,0.0 ,10.1,1.0 ,2.8 ,0.377,0.6,1.5,0.387,0.5 ,1.3 ,0.365,0.482,0.2,0.2 ,0.7  ,0.2,0.8,1.0 ,0.4 ,0.3,0.1,0.3,0.7,2.9
65 ,Scott Burrell       ,SF   ,28.0,NJN,32.0,10.0,22.1,2.3 ,6.5 ,0.361,0.9,2.3,0.389,1.5 ,4.3 ,0.346,0.428,1.1,1.3 ,0.81 ,1.0,2.7,3.7 ,1.4 ,1.3,0.3,0.7,2.6,6.6
66 ,Willie Burton       ,SF   ,30.0,CHH,3.0 ,0.0 ,6.0 ,0.3 ,2.3 ,0.143,0.0,0.3,0.0  ,0.3 ,2.0 ,0.167,0.143,0.7,1.3 ,0.5  ,1.3,0.7,2.0 ,0.0 ,0.0,0.0,0.3,0.7,1.3
67 ,Mitchell Butler     ,SG   ,28.0,CLE,31.0,1.0 ,13.5,2.2 ,4.5 ,0.482,0.4,0.9,0.379,1.8 ,3.5 ,0.509,0.522,0.7,1.0 ,0.719,0.4,1.0,1.4 ,0.7 ,0.5,0.1,0.9,1.3,5.4
68 ,Jason Caffey        ,PF   ,25.0,GSW,35.0,32.0,25.0,3.5 ,7.9 ,0.444,0.0,0.0,0.0  ,3.5 ,7.9 ,0.446,0.444,1.8,2.8 ,0.633,2.3,3.6,5.9 ,0.5 ,0.7,0.3,2.1,3.2,8.8
70 ,Elden Campbell      ,C    ,30.0,TOT,49.0,33.0,29.8,4.5 ,9.5 ,0.477,0.0,0.0,0.0  ,4.5 ,9.5 ,0.478,0.477,3.5,5.5 ,0.639,2.6,5.5,8.1 ,1.4 ,0.8,1.5,1.6,3.2,12.6
73 ,Antoine Carr        ,PF   ,37.0,HOU,18.0,0.0 ,8.4 ,1.2 ,2.9 ,0.404,0.0,0.1,0.0  ,1.2 ,2.8 ,0.412,0.404,0.3,0.4 ,0.714,0.5,1.2,1.7 ,0.5 ,0.1,0.6,0.5,1.7,2.6
75 ,Chris Carr          ,SG   ,24.0,TOT,39.0,4.0 ,11.4,1.9 ,5.3 ,0.371,0.7,1.9,0.373,1.2 ,3.3 ,0.369,0.439,0.7,1.0 ,0.675,0.6,1.2,1.8 ,0.6 ,0.2,0.1,0.7,1.2,5.3
78 ,Cory Carr           ,SG   ,23.0,CHI,42.0,7.0 ,14.9,1.7 ,5.1 ,0.329,0.1,0.7,0.167,1.6 ,4.4 ,0.355,0.34 ,0.6,0.8 ,0.75 ,0.2,1.0,1.2 ,1.6 ,0.5,0.2,1.1,1.6,4.1
79 ,Vince Carter        ,SF   ,22.0,TOR,50.0,49.0,35.2,6.9 ,15.3,0.45 ,0.4,1.3,0.288,6.5 ,14.0,0.466,0.463,4.1,5.4 ,0.761,1.9,3.8,5.7 ,3.0 ,1.1,1.5,2.2,2.8,18.3
80 ,Sam Cassell         ,PG   ,29.0,TOT,8.0 ,3.0 ,24.9,4.9 ,11.6,0.419,0.3,1.3,0.2  ,4.6 ,10.4,0.446,0.43 ,5.9,6.3 ,0.94 ,0.6,1.3,1.9 ,4.5 ,1.1,0.0,2.5,2.8,15.9
83 ,Kelvin Cato         ,C    ,24.0,POR,43.0,0.0 ,12.7,1.3 ,3.0 ,0.45 ,0.0,0.0,1.0  ,1.3 ,3.0 ,0.445,0.453,0.8,1.6 ,0.507,1.1,2.3,3.5 ,0.4 ,0.5,1.3,0.6,2.3,3.5
85 ,Cedric Ceballos     ,SF   ,29.0,DAL,13.0,5.0 ,27.1,4.5 ,10.8,0.421,0.8,2.2,0.393,3.7 ,8.6 ,0.429,0.461,2.6,3.8 ,0.694,1.8,4.8,6.5 ,0.9 ,0.5,0.4,2.2,1.8,12.5
86 ,Rex Chapman         ,SG   ,31.0,PHO,38.0,35.0,31.1,4.3 ,12.1,0.359,1.4,4.0,0.351,2.9 ,8.1 ,0.364,0.417,2.0,2.4 ,0.835,0.3,2.4,2.7 ,2.9 ,0.9,0.2,1.4,1.2,12.1
87 ,Calbert Cheaney     ,SG   ,27.0,WAS,50.0,18.0,25.3,3.4 ,8.3 ,0.414,0.2,0.7,0.216,3.3 ,7.6 ,0.434,0.424,0.7,1.3 ,0.493,0.7,2.2,2.8 ,1.5 ,0.8,0.3,0.8,2.9,7.7
88 ,Pete Chilcutt       ,PF   ,30.0,VAN,46.0,0.0 ,15.2,1.4 ,3.7 ,0.366,0.6,1.5,0.382,0.8 ,2.3 ,0.356,0.442,0.3,0.4 ,0.824,0.6,1.9,2.5 ,0.7 ,0.5,0.3,0.6,1.1,3.6
89 ,Chris Childs        ,PG   ,31.0,NYK,48.0,0.0 ,27.0,2.4 ,5.6 ,0.427,0.8,2.0,0.383,1.6 ,3.6 ,0.451,0.494,1.3,1.6 ,0.821,0.4,2.4,2.8 ,4.0 ,0.9,0.0,1.8,3.3,6.8
90 ,Doug Christie       ,SG   ,28.0,TOR,50.0,50.0,35.4,5.0 ,13.0,0.388,1.0,3.2,0.304,4.1 ,9.8 ,0.415,0.425,4.1,4.9 ,0.841,1.2,3.0,4.1 ,3.7 ,2.3,0.5,2.4,2.2,15.2
91 ,Keon Clark          ,C    ,23.0,DEN,28.0,0.0 ,14.6,1.3 ,2.9 ,0.45 ,0.0,0.0,0.0  ,1.3 ,2.8 ,0.456,0.45 ,0.8,1.3 ,0.568,1.3,2.1,3.4 ,0.4 ,0.4,1.1,0.8,1.9,3.3
92 ,Keith Closs         ,C    ,22.0,LAC,15.0,0.0 ,5.8 ,0.8 ,1.5 ,0.522,0.0,0.1,0.0  ,0.8 ,1.5 ,0.545,0.522,0.5,0.7 ,0.8  ,0.3,1.3,1.7 ,0.0 ,0.2,0.6,0.4,0.9,2.1
94 ,Derrick Coleman     ,PF   ,31.0,CHH,37.0,29.0,31.8,4.5 ,11.0,0.414,0.2,0.9,0.212,4.4 ,10.1,0.432,0.422,3.9,5.1 ,0.753,2.1,6.8,8.9 ,2.1 ,0.6,1.1,2.4,2.6,13.1
95 ,Bimbo Coles         ,PG   ,30.0,GSW,48.0,32.0,26.5,3.8 ,8.6 ,0.442,0.1,0.5,0.24 ,3.7 ,8.1 ,0.455,0.449,1.7,2.1 ,0.822,0.4,2.0,2.4 ,4.6 ,0.9,0.2,1.7,2.4,9.5
97 ,Tyrone Corbin       ,SF   ,36.0,ATL,47.0,6.0 ,22.7,2.8 ,7.1 ,0.391,0.8,2.5,0.319,2.0 ,4.6 ,0.431,0.448,1.1,1.7 ,0.65 ,0.8,2.3,3.1 ,0.9 ,0.7,0.1,0.9,1.6,7.5
98 ,James Cotton        ,SG   ,23.0,SEA,10.0,0.0 ,5.9 ,0.6 ,1.8 ,0.333,0.0,0.3,0.0  ,0.6 ,1.5 ,0.4  ,0.333,1.3,1.8 ,0.722,0.2,0.8,1.0 ,0.0 ,0.3,0.0,0.3,0.6,2.5
100,Chris Crawford      ,PF   ,23.0,ATL,42.0,30.0,18.7,2.6 ,6.1 ,0.431,0.3,0.8,0.333,2.4 ,5.3 ,0.446,0.453,1.4,1.7 ,0.814,0.9,1.3,2.1 ,0.6 ,0.2,0.3,1.1,2.5,6.9
101,Austin Croshere     ,PF   ,23.0,IND,27.0,0.0 ,9.2 ,1.2 ,2.8 ,0.427,0.3,1.1,0.276,0.9 ,1.7 ,0.522,0.48 ,0.7,0.9 ,0.87 ,0.6,1.1,1.7 ,0.4 ,0.3,0.3,0.9,1.2,3.4
102,John Crotty         ,PG   ,29.0,TOT,27.0,0.0 ,14.1,1.9 ,4.6 ,0.411,0.5,1.3,0.389,1.4 ,3.3 ,0.42 ,0.468,1.6,1.9 ,0.86 ,0.3,0.9,1.1 ,2.3 ,0.4,0.0,1.2,1.1,5.9
105,Terry Cummings      ,PF   ,37.0,GSW,50.0,0.0 ,20.2,3.7 ,8.5 ,0.439,0.0,0.0,1.0  ,3.7 ,8.5 ,0.437,0.44 ,1.6,2.3 ,0.711,1.9,3.2,5.1 ,1.2 ,0.9,0.2,1.2,3.4,9.1
109,Bill Curley         ,PF   ,26.0,MIN,35.0,7.0 ,10.6,0.8 ,2.1 ,0.403,0.0,0.1,0.2  ,0.8 ,1.9 ,0.418,0.41 ,0.5,0.6 ,0.864,0.6,0.9,1.5 ,0.4 ,0.5,0.3,0.3,2.4,2.2
110,Dell Curry          ,SG   ,34.0,MIL,42.0,0.0 ,20.6,3.9 ,8.0 ,0.485,1.6,3.5,0.476,2.2 ,4.5 ,0.492,0.588,0.7,0.8 ,0.824,0.4,1.6,2.0 ,1.1 ,0.9,0.1,1.1,1.0,10.1
111,Michael Curry       ,SF   ,30.0,MIL,50.0,4.0 ,22.9,1.8 ,4.1 ,0.437,0.0,0.3,0.067,1.8 ,3.8 ,0.466,0.439,1.3,1.6 ,0.797,0.4,1.8,2.2 ,1.6 ,0.8,0.1,0.7,2.7,4.9
113,Antonio Daniels     ,PG   ,23.0,SAS,47.0,0.0 ,13.1,1.8 ,3.9 ,0.454,0.1,0.4,0.294,1.7 ,3.5 ,0.47 ,0.467,1.0,1.4 ,0.754,0.3,0.9,1.1 ,2.3 ,0.6,0.1,0.9,0.8,4.7
114,Kornél Dávid        ,SF   ,27.0,CHI,50.0,6.0 ,18.0,2.2 ,4.9 ,0.449,0.0,0.0,0.0  ,2.2 ,4.8 ,0.45 ,0.449,1.8,2.2 ,0.811,1.4,2.1,3.5 ,0.8 ,0.5,0.3,1.0,1.8,6.2
118,Hubert Davis        ,SG   ,28.0,DAL,50.0,21.0,27.6,3.5 ,7.9 ,0.438,1.3,2.9,0.451,2.2 ,5.1 ,0.431,0.52 ,0.9,1.0 ,0.88 ,0.1,1.7,1.7 ,1.8 ,0.4,0.1,1.1,1.5,9.1
120,Ricky Davis         ,SG   ,19.0,CHH,46.0,1.0 ,12.1,1.8 ,4.3 ,0.405,0.0,0.3,0.167,1.7 ,4.1 ,0.42 ,0.41 ,1.0,1.3 ,0.763,0.9,1.0,1.8 ,1.3 ,0.7,0.2,1.2,1.0,4.5
125,Terry Dehere        ,SG-PG,27.0,TOT,26.0,0.0 ,11.2,1.2 ,3.3 ,0.365,0.6,1.5,0.41 ,0.6 ,1.8 ,0.326,0.459,0.2,0.3 ,0.714,0.3,0.7,0.9 ,1.0 ,0.3,0.1,0.6,1.2,3.2
129,Vinny Del Negro     ,PG   ,32.0,MIL,48.0,7.0 ,22.8,2.4 ,5.6 ,0.422,0.3,0.6,0.433,2.1 ,5.0 ,0.421,0.446,0.8,1.0 ,0.8  ,0.3,1.8,2.1 ,3.6 ,0.7,0.1,1.1,1.3,5.9
130,Bison Dele          ,C    ,29.0,DET,49.0,48.0,24.0,4.4 ,8.8 ,0.501,0.0,0.0,0.0  ,4.4 ,8.8 ,0.502,0.501,1.7,2.4 ,0.686,1.9,3.7,5.6 ,1.4 ,0.8,0.8,2.3,3.7,10.5
131,Tony Delk           ,PG   ,25.0,GSW,36.0,13.0,17.5,2.6 ,7.0 ,0.364,0.4,1.8,0.242,2.1 ,5.2 ,0.406,0.395,1.3,2.0 ,0.648,0.3,1.2,1.5 ,2.6 ,0.4,0.2,1.3,1.3,6.8
132,Michael Dickerson   ,SG   ,23.0,HOU,50.0,50.0,31.2,4.3 ,9.2 ,0.465,1.4,3.3,0.433,2.9 ,6.0 ,0.483,0.542,0.9,1.4 ,0.639,0.5,1.1,1.7 ,1.9 ,0.5,0.2,1.3,1.8,10.9
133,Vlade Divac*        ,C    ,30.0,SAC,50.0,50.0,35.2,5.2 ,11.1,0.47 ,0.2,0.9,0.256,5.0 ,10.3,0.488,0.48 ,3.6,5.1 ,0.702,2.8,7.2,10.0,4.3 ,0.9,1.0,2.6,3.3,14.3
135,Sherman Douglas     ,PG   ,32.0,LAC,30.0,19.0,28.1,3.2 ,7.3 ,0.438,0.0,0.4,0.0  ,3.2 ,6.9 ,0.462,0.438,1.8,2.9 ,0.632,0.5,1.4,1.9 ,4.1 ,0.9,0.1,2.0,1.8,8.2
136,Bryce Drew          ,PG   ,24.0,HOU,34.0,0.0 ,13.0,1.4 ,3.8 ,0.364,0.5,1.4,0.327,0.9 ,2.4 ,0.388,0.426,0.2,0.2 ,1.0  ,0.1,0.9,0.9 ,1.5 ,0.4,0.1,0.9,1.8,3.5
138,Joe Dumars*         ,SG   ,35.0,DET,38.0,38.0,29.4,3.8 ,9.2 ,0.411,2.3,5.8,0.403,1.4 ,3.4 ,0.426,0.539,1.3,1.6 ,0.836,0.3,1.5,1.8 ,3.5 ,0.6,0.1,1.4,1.3,11.3
139,Tim Duncan*         ,PF   ,22.0,SAS,50.0,50.0,39.3,8.4 ,16.9,0.495,0.0,0.1,0.143,8.3 ,16.8,0.498,0.495,4.9,7.2 ,0.69 ,3.2,8.2,11.4,2.4 ,0.9,2.5,2.9,2.9,21.7
140,Blue Edwards        ,SF   ,33.0,MIA,24.0,0.0 ,11.8,1.3 ,3.0 ,0.444,0.2,0.4,0.4  ,1.2 ,2.6 ,0.452,0.472,0.4,0.5 ,0.692,0.3,1.1,1.4 ,1.3 ,0.7,0.2,0.9,1.0,3.2
141,Howard Eisley       ,PG   ,26.0,UTA,50.0,0.0 ,20.8,2.8 ,6.3 ,0.446,0.4,1.0,0.42 ,2.4 ,5.3 ,0.451,0.479,1.3,1.6 ,0.838,0.2,1.6,1.9 ,3.7 ,0.6,0.0,2.2,2.4,7.4
142,Mario Elie          ,SG   ,35.0,SAS,47.0,37.0,27.5,3.3 ,7.0 ,0.471,0.9,2.3,0.374,2.5 ,4.8 ,0.518,0.532,2.2,2.5 ,0.866,0.8,2.1,2.9 ,1.9 ,1.0,0.3,1.3,1.9,9.7
143,Sean Elliott        ,SF   ,30.0,SAS,50.0,50.0,30.2,4.2 ,10.1,0.41 ,0.8,2.4,0.328,3.4 ,7.8 ,0.436,0.449,2.1,2.8 ,0.757,0.7,3.6,4.3 ,2.3 ,0.5,0.3,1.4,2.1,11.2
144,Dale Ellis          ,SF   ,38.0,SEA,48.0,5.0 ,25.7,3.6 ,8.2 ,0.441,2.0,4.5,0.433,1.7 ,3.7 ,0.449,0.559,1.1,1.5 ,0.757,0.5,1.9,2.4 ,0.8 ,0.5,0.1,0.9,1.6,10.3
145,LaPhonso Ellis      ,PF   ,28.0,ATL,20.0,20.0,27.0,4.0 ,9.5 ,0.421,0.1,0.3,0.2  ,4.0 ,9.3 ,0.427,0.424,2.2,3.1 ,0.705,1.3,4.2,5.5 ,0.9 ,0.4,0.4,1.7,2.4,10.2
146,Brian Evans         ,SF   ,25.0,TOT,16.0,0.0 ,9.1 ,0.8 ,2.8 ,0.295,0.3,0.8,0.308,0.6 ,1.9 ,0.29 ,0.341,0.3,0.3 ,1.0  ,0.4,0.8,1.2 ,0.9 ,0.3,0.2,0.1,0.5,2.1
149,Patrick Ewing*      ,C    ,36.0,NYK,38.0,38.0,34.2,6.5 ,14.9,0.435,0.0,0.1,0.0  ,6.5 ,14.9,0.436,0.435,4.3,6.1 ,0.706,1.9,8.0,9.9 ,1.1 ,0.8,2.6,2.6,2.8,17.3
155,Danny Ferry         ,PF   ,32.0,CLE,50.0,10.0,21.2,2.8 ,5.9 ,0.476,0.8,1.9,0.392,2.1 ,4.0 ,0.518,0.541,0.6,0.7 ,0.879,0.3,1.7,2.0 ,1.1 ,0.5,0.2,0.8,2.3,7.0
156,Michael Finley      ,SF   ,25.0,DAL,50.0,50.0,41.0,7.8 ,17.5,0.444,0.9,2.7,0.331,6.9 ,14.8,0.465,0.47 ,3.7,4.5 ,0.823,1.4,3.9,5.3 ,4.4 ,1.3,0.3,2.1,1.9,20.2
157,Derek Fisher        ,PG   ,24.0,LAL,50.0,21.0,22.6,2.0 ,5.3 ,0.376,0.8,1.9,0.392,1.2 ,3.3 ,0.367,0.449,1.2,1.6 ,0.759,0.4,1.4,1.8 ,3.9 ,1.2,0.0,1.5,1.9,5.9
158,Danny Fortson       ,PF   ,22.0,DEN,50.0,38.0,28.3,3.8 ,7.7 ,0.495,0.0,0.1,0.0  ,3.8 ,7.7 ,0.499,0.495,3.4,4.6 ,0.727,4.2,7.4,11.6,0.6 ,0.6,0.4,1.5,4.2,11.0
159,Greg Foster         ,PF   ,30.0,UTA,42.0,1.0 ,10.9,1.2 ,3.3 ,0.377,0.0,0.1,0.25 ,1.2 ,3.2 ,0.381,0.38 ,0.3,0.5 ,0.619,0.7,1.3,2.0 ,0.6 ,0.1,0.2,0.6,1.5,2.8
160,Rick Fox            ,SF   ,29.0,LAL,44.0,1.0 ,21.5,3.4 ,7.5 ,0.448,0.7,2.2,0.337,2.6 ,5.3 ,0.494,0.497,1.5,2.0 ,0.742,0.6,1.4,2.0 ,2.0 ,0.6,0.2,1.3,2.6,9.0
163,Lawrence Funderburke,PF   ,28.0,SAC,47.0,2.0 ,19.9,3.6 ,6.4 ,0.559,0.0,0.1,0.2  ,3.5 ,6.3 ,0.565,0.56 ,1.8,2.6 ,0.708,2.1,2.6,4.7 ,0.6 ,0.5,0.5,1.1,1.6,8.9
164,Kevin Garnett*      ,PF   ,22.0,MIN,47.0,47.0,37.9,8.8 ,19.1,0.46 ,0.1,0.3,0.286,8.7 ,18.9,0.463,0.462,3.1,4.4 ,0.704,3.5,6.9,10.4,4.3 ,1.7,1.8,2.9,3.2,20.8
165,Marlon Garnett      ,PG   ,23.0,BOS,24.0,0.0 ,8.5 ,0.6 ,2.1 ,0.294,0.3,1.0,0.261,0.4 ,1.2 ,0.321,0.353,0.6,0.8 ,0.75 ,0.1,0.8,0.9 ,0.8 ,0.2,0.0,0.5,0.8,2.1
167,Pat Garrity         ,PF   ,22.0,PHO,39.0,9.0 ,13.8,2.2 ,4.4 ,0.5  ,0.2,0.5,0.389,2.0 ,3.9 ,0.513,0.521,1.0,1.4 ,0.714,0.7,1.3,1.9 ,0.5 ,0.2,0.1,0.5,1.6,5.6
168,Chris Gatling       ,C    ,31.0,TOT,48.0,3.0 ,16.1,2.4 ,5.5 ,0.442,0.0,0.2,0.125,2.4 ,5.4 ,0.451,0.443,0.8,1.9 ,0.398,1.1,2.6,3.7 ,0.7 ,0.7,0.2,1.3,2.5,5.7
172,Matt Geiger         ,C    ,29.0,PHI,50.0,40.0,30.8,5.3 ,11.1,0.479,0.0,0.1,0.2  ,5.3 ,11.0,0.482,0.48 ,2.8,3.5 ,0.797,2.7,4.5,7.2 ,1.2 ,0.8,0.8,2.0,3.1,13.5
173,Kendall Gill        ,SF   ,30.0,NJN,50.0,47.0,32.1,4.7 ,11.9,0.398,0.0,0.3,0.118,4.7 ,11.5,0.406,0.4  ,2.3,3.3 ,0.683,1.2,3.7,4.9 ,2.5 ,2.7,0.5,1.4,3.2,11.8
174,Armen Gilliam       ,PF   ,34.0,MIL,34.0,5.0 ,19.6,3.0 ,6.6 ,0.453,0.0,0.0,0.0  ,3.0 ,6.5 ,0.455,0.453,2.3,3.0 ,0.782,1.0,2.7,3.7 ,0.6 ,0.6,0.4,1.1,1.4,8.3
178,Harvey Grant        ,PF   ,33.0,PHI,47.0,10.0,17.0,1.3 ,3.6 ,0.369,0.0,0.1,0.167,1.3 ,3.4 ,0.377,0.372,0.4,0.6 ,0.724,0.8,1.6,2.3 ,0.5 ,0.4,0.3,0.4,1.6,3.1
179,Horace Grant        ,PF   ,33.0,ORL,50.0,50.0,33.2,4.0 ,9.1 ,0.434,0.0,0.0,0.0  ,4.0 ,9.1 ,0.436,0.434,0.9,1.4 ,0.671,2.3,4.7,7.0 ,1.8 ,0.9,1.2,0.9,2.0,8.9
183,Ed Gray             ,SG   ,23.0,ATL,30.0,3.0 ,11.2,1.8 ,6.1 ,0.291,0.4,1.4,0.286,1.4 ,4.7 ,0.293,0.324,0.9,1.2 ,0.757,0.2,0.7,0.9 ,0.4 ,0.4,0.0,1.0,1.0,4.9
184,A.C. Green          ,PF   ,35.0,DAL,50.0,35.0,18.5,2.2 ,5.1 ,0.422,0.0,0.2,0.0  ,2.2 ,5.0 ,0.435,0.422,0.6,1.0 ,0.577,1.6,2.9,4.6 ,0.5 ,0.6,0.2,0.4,1.4,4.9
186,Tom Gugliotta       ,PF   ,29.0,PHO,43.0,43.0,36.3,6.4 ,13.3,0.483,0.0,0.2,0.286,6.4 ,13.2,0.486,0.485,4.0,5.1 ,0.794,3.0,5.8,8.9 ,2.8 ,1.4,0.5,2.0,2.6,17.0
188,Anfernee Hardaway   ,SG   ,27.0,ORL,50.0,50.0,38.9,6.0 ,14.3,0.42 ,0.8,2.8,0.286,5.2 ,11.5,0.452,0.448,3.0,4.2 ,0.706,1.5,4.2,5.7 ,5.3 ,2.2,0.5,3.0,2.2,15.8
189,Tim Hardaway        ,PG   ,32.0,MIA,48.0,48.0,36.9,6.3 ,15.7,0.4  ,2.3,6.5,0.36 ,3.9 ,9.2 ,0.429,0.475,2.5,3.1 ,0.812,0.3,2.9,3.2 ,7.3 ,1.2,0.1,2.7,2.1,17.4
190,Derek Harper        ,PG   ,37.0,LAL,45.0,29.0,24.9,2.7 ,6.5 ,0.412,1.0,2.6,0.368,1.7 ,3.9 ,0.443,0.486,0.6,0.7 ,0.813,0.3,1.2,1.5 ,4.2 ,1.0,0.1,1.2,1.5,6.9
191,Ron Harper          ,SG   ,35.0,CHI,35.0,35.0,31.6,4.2 ,11.1,0.377,0.8,2.4,0.318,3.4 ,8.7 ,0.393,0.412,2.0,2.9 ,0.703,1.4,3.7,5.1 ,3.3 ,1.7,1.0,1.9,2.3,11.2
192,Matt Harpring       ,SF   ,22.0,ORL,50.0,22.0,22.3,3.0 ,6.4 ,0.463,0.2,0.5,0.4  ,2.8 ,5.9 ,0.468,0.478,2.0,2.9 ,0.713,1.8,2.5,4.3 ,0.9 ,0.6,0.1,1.5,2.2,8.2
193,Al Harrington       ,PF   ,18.0,IND,21.0,0.0 ,7.6 ,0.9 ,2.7 ,0.321,0.0,0.2,0.0  ,0.9 ,2.4 ,0.353,0.321,0.4,0.7 ,0.6  ,1.0,0.9,1.9 ,0.2 ,0.2,0.1,0.5,1.2,2.1
195,Lucious Harris      ,SG   ,28.0,NJN,36.0,5.0 ,16.7,2.0 ,5.0 ,0.403,0.3,1.4,0.22 ,1.7 ,3.6 ,0.473,0.434,1.0,1.3 ,0.75 ,0.6,1.3,1.9 ,0.9 ,0.5,0.2,0.5,1.4,5.4
196,Hersey Hawkins      ,SG   ,32.0,SEA,50.0,34.0,32.9,3.4 ,8.2 ,0.419,1.1,3.6,0.306,2.3 ,4.6 ,0.509,0.487,2.4,2.6 ,0.902,1.0,3.0,4.0 ,2.5 ,1.6,0.4,1.6,1.8,10.3
197,Michael Hawkins     ,PG   ,26.0,SAC,24.0,0.0 ,8.5 ,0.6 ,1.7 ,0.35 ,0.2,0.8,0.263,0.4 ,0.9 ,0.429,0.413,0.1,0.1 ,1.0  ,0.4,0.6,1.0 ,1.1 ,0.1,0.0,0.5,0.6,1.5
198,Alan Henderson      ,SF   ,26.0,ATL,38.0,37.0,30.1,4.9 ,11.1,0.442,0.0,0.0,0.0  ,4.9 ,11.1,0.443,0.442,2.6,3.9 ,0.671,2.6,3.9,6.6 ,0.7 ,0.9,0.5,1.5,2.5,12.5
200,Cedric Henderson    ,SF   ,23.0,CLE,50.0,48.0,30.3,3.8 ,9.1 ,0.417,0.0,0.2,0.167,3.7 ,8.8 ,0.424,0.419,1.5,1.8 ,0.813,0.9,3.0,3.9 ,2.3 ,1.2,0.5,1.9,2.7,9.1
201,J.R. Henderson      ,SF   ,22.0,VAN,30.0,0.0 ,11.0,1.2 ,3.2 ,0.365,0.1,0.2,0.4  ,1.1 ,3.0 ,0.363,0.375,0.8,1.5 ,0.556,0.7,0.9,1.6 ,0.7 ,0.3,0.1,0.6,1.0,3.2
202,Mark Hendrickson    ,PF   ,24.0,NJN,22.0,6.0 ,18.1,1.8 ,4.0 ,0.443,0.0,0.0,0.0  ,1.8 ,4.0 ,0.448,0.443,1.9,2.3 ,0.84 ,1.2,1.9,3.1 ,0.6 ,0.5,0.0,0.7,1.8,5.5
204,Carl Herrera        ,PF   ,32.0,TOT,28.0,0.0 ,11.0,1.1 ,2.7 ,0.395,0.0,0.0,0.0  ,1.1 ,2.7 ,0.4  ,0.395,0.2,0.4 ,0.455,0.9,1.3,2.2 ,0.1 ,0.4,0.3,0.6,1.5,2.3
207,Grant Hill*         ,SF   ,26.0,DET,50.0,50.0,37.0,7.7 ,16.0,0.479,0.0,0.3,0.0  ,7.7 ,15.8,0.487,0.479,5.7,7.6 ,0.752,1.3,5.8,7.1 ,6.0 ,1.6,0.5,3.7,2.3,21.1
211,Fred Hoiberg        ,SG   ,26.0,IND,12.0,0.0 ,7.3 ,0.5 ,1.8 ,0.286,0.1,0.8,0.111,0.4 ,1.0 ,0.417,0.31 ,0.5,0.5 ,1.0  ,0.2,0.8,0.9 ,0.3 ,0.0,0.0,0.3,0.9,1.6
212,Jerald Honeycutt    ,PF   ,24.0,TOT,16.0,0.0 ,6.4 ,0.6 ,2.0 ,0.281,0.3,1.1,0.294,0.3 ,0.9 ,0.267,0.359,0.4,0.6 ,0.7  ,0.2,0.6,0.8 ,0.2 ,0.3,0.1,0.6,1.0,1.9
215,Jeff Hornacek       ,SG   ,35.0,UTA,48.0,48.0,29.9,4.5 ,9.4 ,0.477,0.7,1.7,0.42 ,3.8 ,7.7 ,0.489,0.514,2.6,2.9 ,0.893,0.7,2.6,3.3 ,4.0 ,1.1,0.3,1.7,2.0,12.2
216,Robert Horry        ,PF   ,28.0,LAL,38.0,5.0 ,19.6,1.8 ,3.8 ,0.459,0.5,1.2,0.444,1.2 ,2.7 ,0.465,0.527,0.9,1.2 ,0.739,1.5,2.5,4.0 ,1.5 ,0.9,1.0,1.3,2.7,4.9
217,Allan Houston       ,SG   ,27.0,NYK,50.0,50.0,36.3,5.9 ,14.1,0.418,1.1,2.8,0.407,4.7 ,11.3,0.421,0.459,3.4,3.9 ,0.862,0.4,2.6,3.0 ,2.7 ,0.7,0.2,2.6,2.3,16.3
218,Juwan Howard        ,SF   ,25.0,WAS,36.0,36.0,39.7,7.9 ,16.8,0.474,0.0,0.1,0.0  ,7.9 ,16.7,0.476,0.474,3.1,4.1 ,0.753,2.5,5.6,8.1 ,3.0 ,1.2,0.4,2.6,3.6,18.9
219,Troy Hudson         ,PG   ,22.0,LAC,25.0,6.0 ,21.0,2.4 ,6.0 ,0.4  ,0.6,1.9,0.319,1.8 ,4.1 ,0.437,0.45 ,1.4,1.5 ,0.895,0.6,1.6,2.2 ,3.7 ,0.4,0.1,1.5,1.1,6.8
220,Larry Hughes        ,PG   ,20.0,PHI,50.0,1.0 ,19.8,3.4 ,8.3 ,0.411,0.2,1.0,0.154,3.2 ,7.2 ,0.448,0.42 ,2.1,3.0 ,0.709,1.7,2.1,3.8 ,1.5 ,0.9,0.3,1.4,1.9,9.1
221,Lindsey Hunter      ,PG   ,28.0,DET,49.0,49.0,35.8,4.7 ,10.7,0.435,1.2,3.1,0.386,3.4 ,7.6 ,0.456,0.491,1.4,1.8 ,0.753,0.5,2.9,3.4 ,3.9 ,1.8,0.2,1.9,2.6,11.9
223,Allen Iverson*      ,SG   ,23.0,PHI,48.0,48.0,41.5,9.1 ,22.0,0.412,1.2,4.1,0.291,7.9 ,17.9,0.44 ,0.439,7.4,9.9 ,0.751,1.4,3.5,4.9 ,4.6 ,2.3,0.1,3.5,2.0,26.8
224,Bobby Jackson       ,PG   ,25.0,MIN,50.0,12.0,18.8,2.8 ,7.0 ,0.405,0.2,0.5,0.37 ,2.6 ,6.4 ,0.408,0.42 ,1.2,1.6 ,0.772,0.9,1.8,2.7 ,3.3 ,0.8,0.1,1.5,1.5,7.1
225,Jaren Jackson       ,SG   ,31.0,SAS,47.0,13.0,18.3,2.3 ,6.0 ,0.38 ,1.1,3.1,0.361,1.2 ,2.9 ,0.401,0.474,0.7,0.8 ,0.821,0.4,1.7,2.1 ,1.0 ,0.9,0.2,0.8,1.3,6.4
227,Jim Jackson         ,SG   ,28.0,POR,49.0,9.0 ,24.0,3.1 ,7.6 ,0.411,0.5,1.8,0.278,2.6 ,5.7 ,0.454,0.445,1.7,2.1 ,0.842,0.7,2.5,3.2 ,2.6 ,0.9,0.1,1.7,1.6,8.4
228,Mark Jackson        ,PG   ,33.0,IND,49.0,49.0,28.2,2.8 ,6.7 ,0.419,0.7,2.1,0.311,2.2 ,4.6 ,0.469,0.468,1.3,1.6 ,0.823,0.7,3.1,3.8 ,7.9 ,0.9,0.1,2.0,1.2,7.6
229,Randell Jackson     ,PF   ,23.0,WAS,27.0,8.0 ,10.0,1.7 ,4.0 ,0.426,0.0,0.3,0.143,1.7 ,3.7 ,0.446,0.431,0.8,1.2 ,0.656,1.1,0.9,2.0 ,0.3 ,0.1,0.4,1.0,1.1,4.2
230,Sam Jacobson        ,PG   ,23.0,LAL,2.0 ,0.0 ,6.0 ,1.5 ,2.5 ,0.6  ,0.0,0.5,0.0  ,1.5 ,2.0 ,0.75 ,0.6  ,1.0,1.0 ,1.0  ,0.0,1.5,1.5 ,0.0 ,0.0,0.0,0.5,1.0,4.0
232,Antawn Jamison      ,SF   ,22.0,GSW,47.0,24.0,22.5,3.8 ,8.4 ,0.452,0.1,0.2,0.3  ,3.7 ,8.2 ,0.456,0.456,1.9,3.3 ,0.588,2.8,3.6,6.4 ,0.7 ,0.8,0.3,1.4,2.2,9.6
233,Anthony Johnson     ,PG   ,24.0,ATL,49.0,2.0 ,18.1,1.9 ,4.6 ,0.404,0.1,0.4,0.263,1.8 ,4.2 ,0.417,0.416,1.2,1.7 ,0.695,0.3,1.2,1.5 ,2.2 ,0.7,0.1,1.3,1.4,5.0
234,Avery Johnson       ,PG   ,33.0,SAS,50.0,50.0,33.4,4.4 ,9.2 ,0.473,0.0,0.2,0.083,4.3 ,9.0 ,0.483,0.474,1.0,1.8 ,0.568,0.4,1.9,2.4 ,7.4 ,1.0,0.2,2.2,2.0,9.7
237,Larry Johnson       ,PF   ,29.0,NYK,49.0,48.0,33.4,4.3 ,9.3 ,0.459,0.7,1.9,0.359,3.6 ,7.5 ,0.484,0.495,2.7,3.3 ,0.817,1.9,3.9,5.8 ,2.4 ,0.7,0.2,1.8,3.0,12.0
238,Charles Jones       ,SG   ,23.0,CHI,29.0,5.0 ,16.4,1.3 ,4.2 ,0.317,0.7,2.1,0.311,0.7 ,2.1 ,0.323,0.394,0.4,0.8 ,0.5  ,0.3,1.1,1.4 ,1.4 ,0.6,0.2,1.0,1.0,3.7
239,Damon Jones         ,PG   ,22.0,TOT,24.0,0.0 ,14.3,1.8 ,5.0 ,0.361,1.0,2.6,0.403,0.8 ,2.4 ,0.316,0.466,0.6,0.7 ,0.824,0.3,1.6,1.8 ,1.8 ,0.5,0.0,0.7,1.0,5.2
242,Eddie Jones         ,SF-SG,27.0,TOT,50.0,50.0,37.6,5.2 ,11.9,0.437,1.0,2.8,0.338,4.2 ,9.1 ,0.468,0.477,4.2,5.4 ,0.782,1.0,2.9,3.9 ,3.7 ,2.5,1.2,1.9,2.6,15.6
245,Popeye Jones        ,PF   ,28.0,BOS,18.0,2.0 ,11.4,1.1 ,2.8 ,0.392,0.0,0.1,0.0  ,1.1 ,2.8 ,0.4  ,0.392,0.8,0.9 ,0.824,1.6,1.3,2.9 ,0.8 ,0.3,0.0,0.4,1.7,3.0
246,Adonis Jordan       ,PG   ,28.0,MIL,4.0 ,0.0 ,4.5 ,0.5 ,1.0 ,0.5  ,0.0,0.5,0.0  ,0.5 ,0.5 ,1.0  ,0.5  ,0.5,1.0 ,0.5  ,0.0,0.0,0.0 ,0.8 ,0.8,0.0,0.5,0.0,1.5
248,Adam Keefe          ,PF   ,28.0,UTA,44.0,0.0 ,14.6,1.3 ,2.8 ,0.452,0.0,0.1,0.0  ,1.3 ,2.7 ,0.467,0.452,1.4,2.0 ,0.697,1.2,2.1,3.2 ,0.6 ,0.4,0.3,0.8,1.4,4.0
249,Shawn Kemp          ,PF   ,29.0,CLE,42.0,42.0,35.1,6.6 ,13.7,0.482,0.0,0.0,0.5  ,6.6 ,13.6,0.482,0.483,7.3,9.3 ,0.789,3.1,6.1,9.2 ,2.4 ,1.1,1.1,3.0,3.8,20.5
252,Steve Kerr          ,PG   ,33.0,SAS,44.0,0.0 ,16.7,1.5 ,4.0 ,0.391,0.6,1.8,0.313,1.0 ,2.1 ,0.457,0.463,0.7,0.8 ,0.886,0.1,0.9,1.0 ,1.1 ,0.5,0.1,0.5,0.6,4.4
253,Jerome Kersey       ,SF   ,36.0,SAS,45.0,0.0 ,15.5,1.5 ,4.4 ,0.34 ,0.1,0.3,0.214,1.4 ,4.1 ,0.349,0.348,0.1,0.3 ,0.429,0.9,2.0,2.9 ,0.9 ,0.8,0.3,0.7,2.0,3.2
254,Jason Kidd*         ,PG   ,25.0,PHO,50.0,50.0,41.2,6.2 ,14.0,0.444,0.9,2.5,0.366,5.3 ,11.5,0.461,0.476,3.6,4.8 ,0.757,1.7,5.0,6.8 ,10.8,2.3,0.4,3.0,2.2,16.9
257,Kerry Kittles       ,SG   ,24.0,NJN,46.0,40.0,34.1,4.9 ,13.3,0.37 ,1.1,3.4,0.316,3.8 ,9.9 ,0.389,0.411,1.9,2.5 ,0.772,1.1,3.0,4.2 ,2.5 ,1.7,0.6,1.4,1.8,12.9
258,Joe Kleine          ,C    ,37.0,PHO,31.0,5.0 ,12.1,1.0 ,2.4 ,0.405,0.0,0.1,0.0  ,1.0 ,2.3 ,0.417,0.405,0.3,0.4 ,0.667,0.9,1.3,2.2 ,0.4 ,0.3,0.0,0.3,1.5,2.2
259,Brevin Knight       ,PG   ,23.0,CLE,39.0,38.0,30.4,3.4 ,8.1 ,0.425,0.0,0.1,0.0  ,3.4 ,7.9 ,0.432,0.425,2.7,3.6 ,0.745,0.4,2.9,3.4 ,7.7 ,1.8,0.2,2.7,2.9,9.6
260,Negele Knight       ,PG   ,31.0,TOR,6.0 ,0.0 ,9.3 ,0.5 ,1.3 ,0.375,0.0,0.2,0.0  ,0.5 ,1.2 ,0.429,0.375,0.3,0.7 ,0.5  ,0.2,0.8,1.0 ,1.3 ,0.2,0.0,1.2,0.8,1.3
261,Travis Knight       ,C    ,24.0,LAL,37.0,23.0,14.2,1.8 ,3.5 ,0.515,0.0,0.0,0.0  ,1.8 ,3.5 ,0.519,0.515,0.6,0.8 ,0.759,0.9,2.5,3.5 ,0.8 ,0.6,0.7,0.9,2.9,4.2
262,Toni Kukoč*         ,SF   ,30.0,CHI,44.0,44.0,37.6,7.2 ,17.0,0.42 ,0.9,3.1,0.285,6.3 ,13.9,0.45 ,0.446,3.6,4.9 ,0.74 ,1.5,5.6,7.0 ,5.3 ,1.1,0.3,2.8,1.9,18.8
263,Christian Laettner  ,PF   ,29.0,DET,16.0,0.0 ,21.1,2.4 ,6.6 ,0.358,0.1,0.2,0.333,2.3 ,6.4 ,0.359,0.363,2.8,3.6 ,0.772,1.3,2.1,3.4 ,1.5 ,0.9,0.8,1.2,1.9,7.6
264,Raef LaFrentz       ,C    ,22.0,DEN,12.0,12.0,32.3,4.9 ,10.8,0.457,1.0,2.6,0.387,3.9 ,8.2 ,0.48 ,0.504,3.0,4.0 ,0.75 ,2.8,4.8,7.6 ,0.7 ,0.8,1.4,0.8,3.2,13.8
267,Rusty LaRue         ,PG   ,25.0,CHI,43.0,6.0 ,17.0,1.8 ,5.0 ,0.359,0.7,2.1,0.337,1.1 ,3.0 ,0.375,0.429,0.4,0.4 ,1.0  ,0.2,1.1,1.3 ,1.5 ,0.8,0.1,0.8,1.5,4.7
268,Tim Legler          ,SG   ,32.0,WAS,30.0,0.0 ,12.6,1.7 ,3.8 ,0.443,0.5,1.2,0.4  ,1.2 ,2.7 ,0.463,0.504,0.1,0.2 ,0.5  ,0.3,1.1,1.3 ,0.7 ,0.1,0.1,0.5,1.4,4.0
269,Voshon Lenard       ,SG   ,25.0,MIA,12.0,2.0 ,15.8,2.6 ,6.6 ,0.392,1.0,2.9,0.343,1.6 ,3.7 ,0.432,0.468,0.7,0.9 ,0.727,0.3,1.0,1.3 ,0.8 ,0.3,0.1,0.6,1.5,6.8
270,Rashard Lewis       ,SF   ,19.0,SEA,20.0,7.0 ,7.3 ,1.0 ,2.6 ,0.365,0.1,0.3,0.167,0.9 ,2.3 ,0.391,0.375,0.4,0.7 ,0.571,0.7,0.6,1.3 ,0.2 ,0.4,0.1,1.0,1.0,2.4
273,Grant Long          ,PF   ,32.0,ATL,50.0,13.0,27.6,3.0 ,7.2 ,0.421,0.1,0.4,0.167,3.0 ,6.8 ,0.434,0.425,3.7,4.7 ,0.783,2.0,3.9,5.9 ,1.1 ,1.1,0.3,1.5,2.9,9.8
275,Felipe López        ,SG   ,24.0,VAN,47.0,32.0,25.9,3.6 ,8.1 ,0.446,0.3,0.9,0.273,3.3 ,7.1 ,0.469,0.462,1.9,2.9 ,0.644,1.5,2.1,3.5 ,1.3 ,1.0,0.3,1.7,2.7,9.3
276,Tyronn Lue          ,PG   ,21.0,LAL,15.0,0.0 ,12.5,1.9 ,4.3 ,0.431,0.5,1.1,0.438,1.4 ,3.3 ,0.429,0.485,0.8,1.4 ,0.571,0.1,0.3,0.4 ,1.7 ,0.3,0.0,0.7,1.9,5.0
277,George Lynch        ,SF   ,28.0,PHI,43.0,43.0,30.6,3.4 ,8.1 ,0.421,0.2,0.5,0.391,3.2 ,7.6 ,0.423,0.434,1.2,2.0 ,0.631,2.6,3.9,6.5 ,1.8 ,2.0,0.5,1.8,3.3,8.3
278,Sam Mack            ,SF   ,28.0,TOT,44.0,15.0,24.6,3.8 ,8.7 ,0.435,2.0,5.0,0.397,1.8 ,3.8 ,0.485,0.548,1.2,1.3 ,0.879,0.3,1.8,2.2 ,1.3 ,0.8,0.1,0.8,2.1,10.7
281,Don MacLean         ,PF   ,29.0,SEA,17.0,10.0,21.5,3.7 ,9.4 ,0.396,0.5,1.9,0.273,3.2 ,7.4 ,0.429,0.425,2.9,4.7 ,0.625,1.1,2.8,3.8 ,0.9 ,0.3,0.3,1.5,2.0,10.9
284,Dan Majerle         ,SG   ,33.0,MIA,48.0,48.0,33.8,2.5 ,6.2 ,0.396,1.4,4.2,0.335,1.0 ,2.0 ,0.526,0.51 ,0.7,1.0 ,0.717,0.4,3.9,4.3 ,3.1 ,0.8,0.1,1.1,2.1,7.0
285,Karl Malone*        ,PF   ,35.0,UTA,49.0,49.0,37.4,8.0 ,16.3,0.493,0.0,0.0,0.0  ,8.0 ,16.2,0.494,0.493,7.7,9.8 ,0.788,2.2,7.3,9.4 ,4.1 ,1.3,0.6,3.3,2.7,23.8
286,Matt Maloney        ,PG   ,27.0,HOU,15.0,7.0 ,12.4,0.3 ,1.9 ,0.179,0.1,1.0,0.067,0.3 ,0.9 ,0.308,0.196,0.7,0.7 ,0.909,0.1,0.5,0.7 ,1.4 ,0.3,0.0,0.9,0.5,1.4
287,Danny Manning       ,PF   ,32.0,PHO,50.0,5.0 ,23.7,3.7 ,7.7 ,0.484,0.0,0.2,0.111,3.7 ,7.5 ,0.493,0.486,1.6,2.2 ,0.696,1.2,3.1,4.4 ,2.3 ,0.7,0.8,1.4,2.6,9.1
288,Stephon Marbury     ,PG   ,21.0,TOT,49.0,49.0,38.7,7.7 ,18.0,0.428,1.3,4.0,0.335,6.4 ,14.0,0.455,0.465,4.5,5.7 ,0.799,0.8,2.1,2.9 ,8.9 ,1.2,0.2,3.3,2.6,21.3
292,Donyell Marshall    ,SF   ,25.0,GSW,48.0,20.0,26.0,4.3 ,10.3,0.421,0.5,1.5,0.361,3.8 ,8.8 ,0.431,0.447,1.8,2.5 ,0.727,2.4,4.7,7.1 ,1.4 ,1.0,0.8,1.7,2.6,11.0
293,Darrick Martin      ,PG   ,27.0,LAC,37.0,25.0,25.4,2.8 ,7.5 ,0.367,0.8,2.9,0.292,1.9 ,4.6 ,0.413,0.423,1.6,2.1 ,0.803,0.1,1.2,1.3 ,3.9 ,1.2,0.1,1.8,2.2,8.0
294,Jamal Mashburn      ,SF   ,26.0,MIA,24.0,23.0,35.6,5.6 ,12.4,0.451,0.5,1.3,0.433,5.0 ,11.1,0.453,0.473,3.1,4.3 ,0.721,1.0,5.1,6.1 ,3.1 ,0.8,0.1,2.5,2.4,14.8
295,Tony Massenburg     ,PF   ,31.0,VAN,43.0,35.0,26.6,4.4 ,9.0 ,0.487,0.0,0.0,0.0  ,4.4 ,9.0 ,0.49 ,0.487,2.4,3.6 ,0.665,1.9,4.0,6.0 ,0.5 ,0.6,0.9,1.5,2.5,11.2
296,Vernon Maxwell      ,SG   ,33.0,SAC,46.0,1.0 ,21.9,3.6 ,9.2 ,0.39 ,1.7,5.0,0.346,1.8 ,4.1 ,0.442,0.485,1.8,2.5 ,0.737,0.3,1.6,1.8 ,1.7 ,0.7,0.1,1.5,2.4,10.7
298,Lee Mayberry        ,PG   ,28.0,VAN,9.0 ,0.0 ,14.0,0.8 ,2.1 ,0.368,0.2,1.1,0.2  ,0.6 ,1.0 ,0.556,0.421,0.4,0.6 ,0.8  ,0.0,0.3,0.3 ,2.6 ,0.8,0.0,1.2,1.4,2.2
300,Walter McCarty      ,PF   ,24.0,BOS,32.0,4.0 ,20.6,2.0 ,5.5 ,0.362,0.4,1.6,0.26 ,1.6 ,4.0 ,0.402,0.398,1.3,1.8 ,0.702,1.1,2.5,3.6 ,1.3 ,0.8,0.4,1.3,2.8,5.7
301,George McCloud      ,SF   ,31.0,PHO,48.0,16.0,25.9,3.0 ,6.8 ,0.438,1.4,3.5,0.416,1.5 ,3.3 ,0.462,0.545,1.6,1.8 ,0.862,0.7,2.7,3.4 ,1.6 ,0.9,0.3,1.0,2.7,8.9
303,Antonio McDyess     ,C    ,24.0,DEN,50.0,50.0,38.7,8.3 ,17.6,0.471,0.0,0.2,0.111,8.3 ,17.5,0.474,0.471,4.6,6.8 ,0.68 ,3.4,7.4,10.7,1.6 ,1.5,2.3,2.8,3.5,21.2
304,Tracy McGrady*      ,SF   ,19.0,TOR,49.0,2.0 ,22.6,3.4 ,7.9 ,0.436,0.2,0.7,0.229,3.3 ,7.1 ,0.457,0.447,2.3,3.2 ,0.726,2.4,3.2,5.7 ,2.3 ,1.1,1.3,1.6,1.9,9.3
306,Jeff McInnis        ,PG   ,24.0,WAS,35.0,6.0 ,12.2,1.4 ,3.8 ,0.373,0.3,1.0,0.257,1.2 ,2.8 ,0.414,0.407,0.6,0.8 ,0.75 ,0.3,0.3,0.6 ,2.1 ,0.5,0.0,0.9,1.0,3.7
307,Derrick McKey       ,SF   ,32.0,IND,13.0,0.0 ,18.8,1.8 ,4.0 ,0.442,0.0,0.1,0.0  ,1.8 ,3.9 ,0.451,0.442,1.1,1.3 ,0.824,1.4,1.8,3.2 ,1.0 ,0.9,0.3,0.9,1.8,4.6
308,Aaron McKie         ,SG   ,26.0,PHI,50.0,4.0 ,19.2,1.9 ,4.7 ,0.401,0.1,0.6,0.194,1.8 ,4.1 ,0.432,0.414,0.9,1.2 ,0.71 ,0.5,2.3,2.8 ,2.0 ,1.3,0.1,1.1,1.8,4.8
309,Roshown McLeod      ,SF   ,23.0,ATL,34.0,0.0 ,10.2,1.8 ,4.8 ,0.38 ,0.0,0.3,0.1  ,1.8 ,4.5 ,0.399,0.383,1.1,1.3 ,0.822,0.4,1.1,1.5 ,0.4 ,0.1,0.0,0.7,0.7,4.8
310,Ron Mercer          ,SG   ,22.0,BOS,41.0,40.0,37.8,7.4 ,17.2,0.431,0.1,0.7,0.167,7.3 ,16.5,0.443,0.435,2.0,2.6 ,0.79 ,0.9,2.9,3.8 ,2.5 ,1.6,0.3,2.2,2.0,17.0
311,Loren Meyer         ,C    ,26.0,DEN,14.0,0.0 ,5.0 ,0.5 ,2.0 ,0.25 ,0.1,0.4,0.2  ,0.4 ,1.6 ,0.261,0.268,0.1,0.1 ,0.5  ,0.3,0.9,1.1 ,0.1 ,0.0,0.2,0.3,1.6,1.1
313,Anthony Miller      ,PF   ,27.0,HOU,29.0,0.0 ,8.6 ,1.0 ,2.1 ,0.467,0.0,0.0,0.0  ,1.0 ,2.0 ,0.475,0.467,0.5,0.8 ,0.636,0.9,1.4,2.3 ,0.2 ,0.2,0.2,0.3,1.2,2.4
314,Brad Miller         ,C    ,22.0,CHH,38.0,0.0 ,12.3,2.1 ,3.6 ,0.565,0.0,0.1,0.5  ,2.0 ,3.6 ,0.566,0.569,2.1,2.7 ,0.794,0.9,2.2,3.1 ,0.6 ,0.2,0.5,0.8,1.7,6.3
316,Reggie Miller*      ,SG   ,33.0,IND,50.0,50.0,35.7,5.9 ,13.4,0.438,2.1,5.5,0.385,3.8 ,7.9 ,0.475,0.517,4.5,4.9 ,0.915,0.5,2.2,2.7 ,2.2 ,0.7,0.2,1.5,2.0,18.4
317,Chris Mills         ,SF   ,29.0,GSW,47.0,24.0,29.7,4.0 ,9.6 ,0.411,0.7,2.4,0.278,3.3 ,7.2 ,0.456,0.446,1.7,2.0 ,0.823,1.0,4.0,5.0 ,2.2 ,0.8,0.3,1.2,2.7,10.3
319,Terry Mills         ,PF   ,31.0,MIA,1.0 ,0.0 ,29.0,3.0 ,8.0 ,0.375,2.0,4.0,0.5  ,1.0 ,4.0 ,0.25 ,0.5  ,1.0,2.0 ,0.5  ,3.0,1.0,4.0 ,0.0 ,1.0,0.0,3.0,3.0,9.0
320,Greg Minor          ,SG   ,27.0,BOS,44.0,7.0 ,17.4,1.9 ,4.6 ,0.417,0.2,0.6,0.286,1.8 ,4.0 ,0.438,0.436,0.8,1.1 ,0.75 ,0.7,2.0,2.7 ,1.1 ,0.5,0.1,0.9,1.6,4.9
321,Sam Mitchell        ,SF   ,35.0,MIN,50.0,20.0,26.9,4.3 ,10.4,0.408,0.2,0.8,0.237,4.1 ,9.7 ,0.421,0.417,2.5,3.3 ,0.764,1.1,2.5,3.6 ,2.0 ,0.7,0.3,0.7,2.2,11.2
322,Cuttino Mobley      ,PG   ,23.0,HOU,49.0,37.0,29.7,3.5 ,8.3 ,0.425,1.1,3.0,0.358,2.4 ,5.2 ,0.463,0.49 ,1.8,2.2 ,0.818,0.4,1.8,2.3 ,2.5 ,0.9,0.5,1.6,2.0,9.9
324,Eric Montross       ,C    ,27.0,DET,46.0,2.0 ,12.5,0.9 ,1.7 ,0.525,0.0,0.0,0.0  ,0.9 ,1.7 ,0.532,0.525,0.2,0.7 ,0.344,1.0,2.0,3.0 ,0.3 ,0.3,0.6,0.3,2.3,2.1
326,Chris Morris        ,SF   ,33.0,PHO,44.0,2.0 ,12.2,1.5 ,3.4 ,0.43 ,0.4,1.3,0.286,1.1 ,2.1 ,0.516,0.483,0.9,1.0 ,0.87 ,1.2,1.5,2.8 ,0.5 ,0.4,0.3,0.5,1.2,4.2
327,Alonzo Mourning*    ,C    ,28.0,MIA,46.0,46.0,38.1,7.0 ,13.8,0.511,0.0,0.0,0.0  ,7.0 ,13.7,0.513,0.511,6.0,9.2 ,0.652,3.6,7.4,11.0,1.6 ,0.7,3.9,3.0,3.5,20.1
328,Chris Mullin*       ,SF   ,35.0,IND,50.0,50.0,23.6,3.5 ,7.4 ,0.477,1.5,3.1,0.465,2.1 ,4.3 ,0.486,0.575,1.6,1.8 ,0.87 ,0.5,2.7,3.2 ,1.6 ,0.9,0.3,1.2,2.0,10.1
329,Eric Murdock        ,PG   ,30.0,NJN,15.0,8.0 ,26.7,3.0 ,7.6 ,0.395,0.5,1.5,0.364,2.5 ,6.1 ,0.402,0.43 ,1.4,1.7 ,0.808,0.2,2.1,2.3 ,4.4 ,1.5,0.1,1.9,2.3,7.9
331,Lamond Murray       ,SF   ,25.0,LAC,50.0,13.0,26.3,4.5 ,11.6,0.391,0.7,2.1,0.33 ,3.8 ,9.5 ,0.404,0.42 ,2.5,3.1 ,0.803,1.2,2.7,3.9 ,1.2 ,1.2,0.4,2.0,2.1,12.2
332,Tracy Murray        ,SF   ,27.0,WAS,36.0,0.0 ,18.1,2.3 ,6.6 ,0.35 ,0.9,2.9,0.32 ,1.4 ,3.7 ,0.373,0.42 ,0.9,1.2 ,0.81 ,0.5,1.8,2.3 ,0.8 ,0.6,0.2,0.8,1.8,6.5
335,Steve Nash*         ,PG   ,24.0,DAL,40.0,40.0,31.7,2.9 ,7.9 ,0.363,1.2,3.3,0.374,1.6 ,4.6 ,0.355,0.441,1.0,1.2 ,0.826,0.8,2.1,2.9 ,5.5 ,0.9,0.1,2.1,2.5,7.9
336,Tyrone Nesby        ,SF   ,23.0,LAC,50.0,36.0,25.8,3.6 ,8.1 ,0.449,0.7,1.9,0.365,2.9 ,6.2 ,0.476,0.493,2.1,2.7 ,0.782,1.1,2.4,3.5 ,1.6 ,1.5,0.4,1.1,2.9,10.1
338,Johnny Newman       ,SF   ,35.0,CLE,50.0,2.0 ,19.0,2.1 ,5.0 ,0.422,0.5,1.2,0.377,1.7 ,3.8 ,0.437,0.468,1.4,1.7 ,0.81 ,0.3,1.2,1.5 ,0.8 ,0.6,0.2,0.8,2.5,6.1
340,Moochie Norris      ,PG   ,25.0,SEA,12.0,0.0 ,11.7,1.1 ,3.3 ,0.325,0.5,1.3,0.4  ,0.6 ,2.1 ,0.28 ,0.4  ,0.5,1.3 ,0.375,0.3,1.3,1.7 ,2.0 ,0.6,0.0,1.3,1.4,3.2
341,Dirk Nowitzki       ,PF   ,20.0,DAL,47.0,24.0,20.4,2.9 ,7.1 ,0.405,0.3,1.4,0.206,2.6 ,5.7 ,0.455,0.426,2.1,2.7 ,0.773,0.9,2.6,3.4 ,1.0 ,0.6,0.6,1.6,2.2,8.2
342,Charles O'Bannon    ,SG   ,23.0,DET,18.0,1.0 ,9.2 ,1.3 ,3.1 ,0.429,0.0,0.1,0.0  ,1.3 ,3.1 ,0.436,0.429,0.4,0.4 ,1.0  ,1.0,0.9,1.9 ,0.7 ,0.1,0.2,0.4,1.2,3.1
343,Jermaine O'Neal     ,PF   ,20.0,POR,36.0,1.0 ,8.6 ,1.0 ,2.3 ,0.434,0.0,0.0,0.0  ,1.0 ,2.3 ,0.439,0.434,0.5,1.0 ,0.514,1.2,1.5,2.7 ,0.4 ,0.1,0.4,0.4,1.1,2.5
344,Shaquille O'Neal*   ,C    ,26.0,LAL,49.0,49.0,34.8,10.4,18.1,0.576,0.0,0.0,0.0  ,10.4,18.0,0.577,0.576,5.5,10.2,0.54 ,3.8,6.9,10.7,2.3 ,0.7,1.7,2.5,3.2,26.3
345,Charles Oakley      ,PF   ,35.0,TOR,50.0,50.0,32.7,2.8 ,6.5 ,0.428,0.0,0.1,0.2  ,2.8 ,6.4 ,0.432,0.43 ,1.3,1.7 ,0.807,1.9,5.6,7.5 ,3.4 ,0.9,0.4,1.9,3.6,7.0
346,Hakeem Olajuwon*    ,C    ,36.0,HOU,50.0,50.0,35.7,7.5 ,14.5,0.514,0.1,0.3,0.308,7.4 ,14.2,0.518,0.517,3.9,5.4 ,0.717,2.1,7.4,9.6 ,1.8 ,1.6,2.5,2.8,3.2,18.9
353,Bo Outlaw           ,PF   ,27.0,ORL,31.0,22.0,27.5,2.7 ,5.0 ,0.545,0.0,0.1,0.0  ,2.7 ,4.9 ,0.556,0.545,1.1,2.6 ,0.432,1.7,3.6,5.4 ,1.8 ,1.3,1.4,1.9,2.5,6.5
354,Doug Overton        ,PG   ,29.0,TOT,24.0,1.0 ,10.2,1.5 ,3.5 ,0.429,0.1,0.3,0.286,1.4 ,3.2 ,0.442,0.44 ,0.8,0.8 ,0.9  ,0.3,0.6,0.9 ,1.0 ,0.2,0.0,0.8,0.8,3.8
358,Billy Owens         ,SF   ,29.0,SEA,21.0,19.0,21.5,3.1 ,7.9 ,0.394,0.2,0.5,0.455,2.9 ,7.3 ,0.39 ,0.409,1.3,1.7 ,0.8  ,1.7,2.1,3.8 ,1.8 ,0.6,0.2,1.6,1.8,7.8
359,Robert Pack         ,PG   ,29.0,DAL,25.0,0.0 ,18.7,3.0 ,7.0 ,0.431,0.0,0.2,0.0  ,3.0 ,6.8 ,0.441,0.431,2.9,3.5 ,0.818,0.4,1.1,1.4 ,3.2 ,0.8,0.0,2.0,1.6,8.9
361,Cherokee Parks      ,C    ,26.0,VAN,48.0,41.0,23.3,2.5 ,5.7 ,0.429,0.0,0.0,0.0  ,2.5 ,5.7 ,0.431,0.429,0.6,1.1 ,0.545,1.6,3.5,5.1 ,0.8 ,0.6,0.6,1.0,2.4,5.5
362,Andrae Patterson    ,PF   ,23.0,MIN,35.0,0.0 ,8.1 ,1.2 ,2.8 ,0.443,0.0,0.1,0.0  ,1.2 ,2.6 ,0.467,0.443,0.8,1.0 ,0.778,0.9,1.0,1.9 ,0.4 ,0.5,0.2,0.6,1.8,3.3
363,Ruben Patterson     ,SF   ,23.0,LAL,24.0,2.0 ,6.0 ,0.9 ,2.1 ,0.412,0.0,0.3,0.167,0.8 ,1.9 ,0.444,0.422,0.9,1.3 ,0.71 ,0.7,0.5,1.3 ,0.1 ,0.2,0.1,0.5,0.7,2.7
364,Gary Payton*        ,PG   ,30.0,SEA,50.0,50.0,40.2,8.0 ,18.5,0.434,1.7,5.6,0.295,6.4 ,12.8,0.495,0.479,4.0,5.5 ,0.721,1.2,3.6,4.9 ,8.7 ,2.2,0.2,3.1,2.3,21.7
366,Anthony Peeler      ,SG   ,29.0,MIN,28.0,28.0,28.9,3.7 ,9.7 ,0.379,1.2,4.1,0.298,2.5 ,5.6 ,0.437,0.441,1.1,1.5 ,0.732,1.1,1.9,3.0 ,2.8 ,1.3,0.2,1.4,2.1,9.6
368,Sam Perkins         ,PF   ,37.0,IND,48.0,0.0 ,16.4,1.7 ,4.2 ,0.4  ,0.7,1.9,0.389,0.9 ,2.3 ,0.409,0.488,0.9,1.3 ,0.717,0.8,2.1,2.9 ,0.5 ,0.3,0.3,0.5,1.5,5.0
369,Elliot Perry        ,PG   ,29.0,TOT,35.0,0.0 ,8.3 ,1.1 ,2.9 ,0.379,0.3,0.7,0.417,0.8 ,2.3 ,0.367,0.427,0.3,0.4 ,0.714,0.2,0.8,1.0 ,1.3 ,0.6,0.0,1.0,0.7,2.8
372,Chuck Person        ,SF   ,34.0,CHH,50.0,21.0,19.8,2.2 ,5.8 ,0.388,1.1,3.1,0.35 ,1.1 ,2.6 ,0.432,0.483,0.5,0.6 ,0.75 ,0.3,2.3,2.6 ,1.2 ,0.4,0.2,0.8,1.8,6.1
373,Wesley Person       ,SG   ,27.0,CLE,45.0,42.0,29.8,4.4 ,9.7 ,0.453,1.7,4.4,0.375,2.7 ,5.3 ,0.519,0.539,0.7,1.2 ,0.604,0.4,2.7,3.2 ,1.8 ,0.8,0.4,0.9,1.2,11.2
374,Bobby Phills        ,SG   ,29.0,CHH,43.0,43.0,36.6,5.0 ,11.6,0.433,1.6,4.0,0.395,3.4 ,7.6 ,0.452,0.501,2.7,3.9 ,0.685,0.9,3.1,4.0 ,3.5 ,1.4,0.6,2.1,2.9,14.3
375,Eric Piatkowski     ,SG   ,28.0,LAC,49.0,38.0,25.3,3.7 ,8.5 ,0.432,1.3,3.4,0.394,2.3 ,5.1 ,0.456,0.51 ,1.8,2.1 ,0.863,0.8,2.1,2.9 ,1.1 ,0.9,0.1,1.1,1.8,10.5
376,Paul Pierce*        ,SF   ,21.0,BOS,48.0,47.0,34.0,5.9 ,13.5,0.439,1.8,4.3,0.412,4.2 ,9.2 ,0.451,0.504,2.9,4.1 ,0.713,2.4,4.0,6.4 ,2.4 ,1.7,1.0,2.4,2.9,16.5
377,Scottie Pippen*     ,SF   ,33.0,HOU,50.0,50.0,40.2,5.2 ,12.1,0.432,1.4,4.2,0.34 ,3.8 ,7.8 ,0.482,0.492,2.6,3.7 ,0.721,1.3,5.2,6.5 ,5.9 ,2.0,0.7,3.2,2.4,14.5
379,Olden Polynice      ,C    ,34.0,SEA,48.0,47.0,30.9,3.5 ,7.5 ,0.472,0.0,0.0,1.0  ,3.5 ,7.4 ,0.471,0.473,0.6,2.0 ,0.309,3.8,5.0,8.9 ,0.9 ,0.4,0.6,1.0,3.1,7.7
380,Mark Pope           ,SF   ,26.0,IND,4.0 ,0.0 ,6.5 ,0.3 ,1.8 ,0.143,0.0,1.0,0.0  ,0.3 ,0.8 ,0.333,0.143,0.0,0.3 ,0.0  ,0.5,0.5,1.0 ,0.0 ,0.0,0.0,0.3,1.5,0.5
381,Terry Porter        ,PG   ,35.0,MIA,50.0,1.0 ,27.3,3.4 ,7.4 ,0.465,1.2,2.8,0.411,2.3 ,4.6 ,0.498,0.543,2.5,3.0 ,0.831,0.3,2.5,2.8 ,2.9 ,1.0,0.2,1.5,1.9,10.5
382,Vitaly Potapenko    ,C    ,23.0,TOT,50.0,44.0,27.9,4.1 ,8.2 ,0.495,0.0,0.0,0.0  ,4.1 ,8.2 ,0.496,0.495,1.8,3.1 ,0.587,2.3,4.4,6.6 ,1.5 ,0.7,0.7,2.0,3.4,10.0
385,Brent Price         ,PG   ,30.0,HOU,40.0,6.0 ,20.2,2.5 ,5.2 ,0.483,1.2,2.8,0.411,1.4 ,2.4 ,0.568,0.594,1.2,1.5 ,0.754,0.5,1.5,2.0 ,2.8 ,0.8,0.0,1.6,2.3,7.3
387,Eldridge Recasner   ,PG   ,31.0,CHH,44.0,2.0 ,16.1,1.9 ,4.2 ,0.446,0.5,1.4,0.4  ,1.3 ,2.8 ,0.468,0.511,0.8,0.9 ,0.872,0.5,1.3,1.8 ,2.1 ,0.4,0.0,1.3,1.5,5.0
388,Bryant Reeves       ,C    ,25.0,VAN,25.0,14.0,28.1,4.1 ,10.0,0.406,0.0,0.0,0.0  ,4.1 ,10.0,0.408,0.406,2.7,4.6 ,0.578,2.0,3.5,5.5 ,1.5 ,0.5,0.3,1.9,4.1,10.8
389,Khalid Reeves       ,PG   ,26.0,DET,11.0,0.0 ,10.2,0.7 ,1.9 ,0.381,0.1,0.3,0.333,0.6 ,1.6 ,0.389,0.405,0.7,1.3 ,0.571,0.3,0.4,0.6 ,1.0 ,0.4,0.0,0.6,1.2,2.3
392,J.R. Reid           ,PF   ,30.0,TOT,41.0,26.0,25.1,3.2 ,6.8 ,0.477,0.0,0.0,0.0  ,3.2 ,6.7 ,0.478,0.477,2.6,3.3 ,0.766,1.1,4.1,5.2 ,1.2 ,0.9,0.2,1.2,3.3,9.0
395,Shawn Respert       ,SG   ,26.0,PHO,12.0,1.0 ,8.3 ,1.1 ,3.0 ,0.361,0.3,1.1,0.308,0.8 ,1.9 ,0.391,0.417,0.6,0.8 ,0.7  ,0.2,0.9,1.1 ,0.7 ,0.4,0.0,0.4,0.8,3.1
396,Rodrick Rhodes      ,SG-SF,25.0,TOT,13.0,1.0 ,12.0,1.0 ,4.0 ,0.25 ,0.1,0.5,0.143,0.9 ,3.5 ,0.267,0.26 ,1.2,1.9 ,0.64 ,0.7,0.6,1.3 ,0.8 ,0.4,0.2,1.5,1.6,3.3
399,Glen Rice           ,SF   ,31.0,LAL,27.0,25.0,36.5,6.3 ,14.7,0.432,2.0,5.0,0.393,4.4 ,9.7 ,0.452,0.499,2.9,3.3 ,0.856,0.3,3.3,3.7 ,2.6 ,0.6,0.2,1.7,2.5,17.5
400,Pooh Richardson     ,PG   ,32.0,LAC,11.0,0.0 ,11.8,1.1 ,3.3 ,0.333,0.0,0.5,0.0  ,1.1 ,2.7 ,0.4  ,0.333,0.4,0.4 ,1.0  ,0.1,1.1,1.2 ,2.7 ,0.4,0.0,0.8,0.5,2.5
401,Mitch Richmond*     ,SG   ,33.0,WAS,50.0,50.0,38.2,6.6 ,16.1,0.412,1.4,4.4,0.317,5.2 ,11.6,0.448,0.456,5.0,5.9 ,0.857,0.6,2.8,3.4 ,2.4 ,1.3,0.2,2.7,2.4,19.7
402,Isaiah Rider        ,SG   ,27.0,POR,47.0,41.0,29.5,5.3 ,12.9,0.412,0.9,2.4,0.378,4.4 ,10.5,0.419,0.446,2.4,3.1 ,0.755,1.3,2.9,4.2 ,2.2 ,0.5,0.2,2.0,2.1,13.9
405,Clifford Robinson   ,SF   ,32.0,PHO,50.0,35.0,34.8,6.0 ,12.6,0.475,1.2,2.8,0.417,4.8 ,9.8 ,0.492,0.521,3.3,4.7 ,0.697,1.4,3.2,4.5 ,2.6 ,1.5,1.2,1.8,3.1,16.4
406,David Robinson*     ,C    ,33.0,SAS,49.0,49.0,31.7,5.5 ,10.8,0.509,0.0,0.0,0.0  ,5.5 ,10.7,0.51 ,0.509,4.9,7.4 ,0.658,3.0,7.0,10.0,2.1 ,1.4,2.4,2.2,2.9,15.8
407,Glenn Robinson      ,SF   ,26.0,MIL,47.0,47.0,33.6,7.4 ,16.1,0.459,0.7,1.7,0.392,6.7 ,14.4,0.467,0.479,3.0,3.4 ,0.87 ,1.6,4.3,5.9 ,2.1 ,1.0,0.9,2.3,2.4,18.4
408,James Robinson      ,PG   ,28.0,TOT,31.0,0.0 ,16.3,2.2 ,6.0 ,0.362,0.7,2.4,0.284,1.5 ,3.6 ,0.414,0.419,0.9,1.3 ,0.683,0.6,1.4,2.0 ,1.8 ,0.7,0.3,1.4,1.9,5.9
411,Dennis Rodman*      ,PF   ,37.0,LAL,23.0,11.0,28.6,0.7 ,2.0 ,0.348,0.0,0.1,0.0  ,0.7 ,1.9 ,0.364,0.348,0.7,1.7 ,0.436,2.7,8.5,11.2,1.3 ,0.4,0.5,1.3,3.1,2.1
413,Rodney Rogers       ,SF   ,27.0,LAC,47.0,7.0 ,20.6,2.8 ,6.3 ,0.441,0.4,1.3,0.286,2.4 ,5.0 ,0.483,0.471,1.4,2.1 ,0.673,1.4,2.4,3.8 ,1.6 ,1.0,0.5,1.4,3.0,7.4
414,Sean Rooks          ,C    ,29.0,LAL,36.0,0.0 ,8.8 ,0.9 ,2.2 ,0.405,0.0,0.1,0.0  ,0.9 ,2.1 ,0.416,0.405,0.9,1.3 ,0.708,0.9,1.1,2.0 ,0.3 ,0.1,0.3,0.6,1.7,2.7
415,Jalen Rose          ,SF   ,26.0,IND,49.0,1.0 ,25.3,4.1 ,10.1,0.403,0.3,1.3,0.262,3.7 ,8.8 ,0.425,0.42 ,2.6,3.2 ,0.791,0.7,2.4,3.1 ,1.9 ,1.0,0.3,1.5,2.6,11.1
416,Malik Rose          ,PF   ,24.0,SAS,47.0,0.0 ,12.9,2.0 ,4.3 ,0.463,0.0,0.0,0.0  ,2.0 ,4.3 ,0.465,0.463,2.1,3.1 ,0.671,1.9,2.0,3.9 ,0.6 ,0.9,0.5,1.2,2.6,6.0
418,Bryon Russell       ,SF   ,28.0,UTA,50.0,50.0,35.4,4.3 ,9.4 ,0.464,1.0,2.9,0.354,3.3 ,6.4 ,0.514,0.519,2.7,3.4 ,0.795,1.3,4.0,5.3 ,1.5 ,1.5,0.3,1.5,3.1,12.4
419,Arvydas Sabonis*    ,C    ,34.0,POR,50.0,48.0,27.0,4.6 ,9.6 ,0.485,0.1,0.5,0.292,4.5 ,9.1 ,0.496,0.493,2.7,3.5 ,0.771,1.8,6.1,7.9 ,2.4 ,0.7,1.3,1.7,2.9,12.1
423,Detlef Schrempf     ,SF   ,36.0,SEA,50.0,39.0,35.3,5.2 ,11.0,0.472,0.7,1.7,0.395,4.5 ,9.3 ,0.486,0.503,4.0,4.9 ,0.823,1.5,5.9,7.4 ,3.7 ,0.8,0.5,2.1,3.0,15.0
424,Dennis Scott        ,SF   ,30.0,TOT,36.0,9.0 ,20.5,2.4 ,5.9 ,0.408,1.0,2.7,0.381,1.4 ,3.2 ,0.431,0.495,0.6,0.9 ,0.742,0.2,1.4,1.6 ,1.1 ,0.4,0.1,0.5,1.4,6.5
427,Malik Sealy         ,SF   ,28.0,MIN,31.0,7.0 ,23.6,3.1 ,7.5 ,0.411,0.2,0.7,0.261,2.9 ,6.7 ,0.428,0.424,1.8,2.0 ,0.902,0.7,2.2,3.0 ,1.2 ,1.0,0.2,1.1,2.2,8.1
432,Jeff Sheppard       ,SG   ,24.0,ATL,18.0,5.0 ,10.3,0.8 ,2.2 ,0.385,0.1,0.4,0.286,0.7 ,1.8 ,0.406,0.41 ,0.4,0.7 ,0.615,0.3,0.9,1.2 ,0.9 ,0.2,0.0,0.4,0.7,2.2
434,Dickey Simpkins     ,C    ,26.0,CHI,50.0,35.0,29.0,3.0 ,6.5 ,0.463,0.0,0.0,0.0  ,3.0 ,6.5 ,0.464,0.463,3.1,4.8 ,0.645,2.2,4.6,6.8 ,1.3 ,0.7,0.3,1.4,2.6,9.1
435,Alvin Sims          ,SG   ,24.0,PHO,4.0 ,0.0 ,6.3 ,1.0 ,2.5 ,0.4  ,0.3,0.3,1.0  ,0.8 ,2.3 ,0.333,0.45 ,0.5,1.3 ,0.4  ,0.8,0.3,1.0 ,1.3 ,0.5,0.0,1.5,0.5,2.8
438,Charles Smith       ,SG   ,23.0,LAC,23.0,10.0,13.8,1.5 ,4.2 ,0.361,0.3,1.4,0.212,1.2 ,2.8 ,0.438,0.397,0.3,0.7 ,0.438,0.3,0.7,1.0 ,0.6 ,0.7,0.6,0.9,1.5,3.7
439,Joe Smith           ,C    ,23.0,MIN,43.0,42.0,33.0,5.2 ,12.1,0.427,0.0,0.1,0.0  ,5.2 ,12.1,0.43 ,0.427,3.3,4.4 ,0.755,3.6,4.7,8.2 ,1.6 ,0.7,1.5,1.5,3.4,13.7
441,Michael Smith       ,PF   ,26.0,VAN,48.0,10.0,22.9,1.6 ,3.0 ,0.535,0.0,0.0,0.0  ,1.6 ,3.0 ,0.538,0.535,1.6,2.7 ,0.594,2.8,4.5,7.3 ,1.0 ,1.0,0.4,1.3,2.2,4.8
442,Steve Smith         ,SG   ,29.0,ATL,36.0,36.0,36.5,6.0 ,15.0,0.402,1.3,3.9,0.338,4.7 ,11.1,0.424,0.445,5.3,6.3 ,0.849,1.4,2.8,4.2 ,3.3 ,1.0,0.3,2.8,2.8,18.7
443,Rik Smits           ,C    ,32.0,IND,49.0,49.0,25.9,6.3 ,12.9,0.49 ,0.0,0.0,0.0  ,6.3 ,12.9,0.491,0.49 ,2.2,2.7 ,0.818,1.5,4.1,5.6 ,1.1 ,0.4,1.1,1.5,3.2,14.9
444,Eric Snow           ,PG   ,25.0,PHI,48.0,48.0,35.8,3.1 ,7.3 ,0.428,0.1,0.4,0.238,3.0 ,6.8 ,0.44 ,0.435,2.3,3.1 ,0.733,0.5,2.9,3.4 ,6.3 ,2.1,0.0,2.3,3.1,8.6
446,Latrell Sprewell    ,SF   ,28.0,NYK,37.0,4.0 ,33.3,5.8 ,14.0,0.415,0.6,2.1,0.273,5.2 ,11.9,0.44 ,0.435,4.2,5.2 ,0.812,1.1,3.1,4.2 ,2.5 ,1.2,0.1,2.1,1.8,16.4
448,Jerry Stackhouse    ,SG   ,24.0,DET,42.0,9.0 ,28.3,4.3 ,11.6,0.371,0.8,3.0,0.278,3.5 ,8.6 ,0.403,0.407,5.0,5.9 ,0.85 ,0.6,1.9,2.5 ,2.8 ,0.8,0.5,2.9,1.9,14.5
449,John Starks         ,SG   ,33.0,GSW,50.0,50.0,33.7,5.4 ,14.6,0.37 ,1.6,5.4,0.29 ,3.8 ,9.2 ,0.416,0.423,1.5,2.0 ,0.74 ,0.7,2.6,3.3 ,4.7 ,1.4,0.1,1.7,2.7,13.8
450,Vladimir Stepania   ,C    ,22.0,SEA,23.0,6.0 ,13.6,2.3 ,5.4 ,0.424,0.0,0.1,0.0  ,2.3 ,5.3 ,0.434,0.424,0.9,1.7 ,0.525,1.2,2.1,3.3 ,0.5 ,0.4,1.0,1.4,2.5,5.5
452,Bryant Stith        ,SG   ,28.0,DEN,46.0,32.0,26.0,2.5 ,6.3 ,0.393,0.7,2.3,0.292,1.8 ,4.0 ,0.451,0.447,1.3,1.5 ,0.859,0.7,1.7,2.3 ,1.8 ,0.6,0.3,1.0,1.4,7.0
453,John Stockton*      ,PG   ,36.0,UTA,50.0,50.0,28.2,4.0 ,8.2 ,0.488,0.3,1.0,0.32 ,3.7 ,7.2 ,0.511,0.507,2.7,3.4 ,0.811,0.6,2.3,2.9 ,7.5 ,1.6,0.3,2.2,2.1,11.1
454,Peja Stojaković     ,SF   ,21.0,SAC,48.0,1.0 ,21.4,2.9 ,7.8 ,0.378,1.2,3.7,0.32 ,1.8 ,4.1 ,0.431,0.454,1.3,1.5 ,0.851,0.9,2.1,3.0 ,1.5 ,0.9,0.1,1.1,0.9,8.4
455,Damon Stoudamire    ,PG   ,25.0,POR,50.0,50.0,33.5,5.0 ,12.6,0.396,0.9,2.8,0.31 ,4.1 ,9.7 ,0.421,0.431,1.8,2.4 ,0.73 ,0.8,2.5,3.3 ,6.2 ,1.0,0.1,2.2,1.6,12.6
456,Erick Strickland    ,SG   ,25.0,DAL,33.0,2.0 ,17.2,2.7 ,6.7 ,0.403,0.5,1.8,0.305,2.2 ,4.9 ,0.438,0.443,1.6,2.0 ,0.815,0.4,2.2,2.5 ,1.9 ,1.2,0.1,1.1,1.3,7.5
457,Mark Strickland     ,PF   ,28.0,MIA,32.0,1.0 ,11.2,1.6 ,3.2 ,0.495,0.0,0.0,0.0  ,1.6 ,3.1 ,0.5  ,0.495,0.6,0.8 ,0.731,0.8,1.6,2.4 ,0.3 ,0.2,0.3,0.4,0.9,3.7
458,Rod Strickland      ,PG   ,32.0,WAS,44.0,43.0,37.1,5.7 ,13.7,0.416,0.3,1.0,0.286,5.4 ,12.8,0.426,0.426,4.0,5.4 ,0.746,1.3,3.5,4.8 ,9.9 ,1.7,0.1,3.2,2.1,15.7
459,Derek Strong        ,PF   ,30.0,ORL,44.0,0.0 ,15.8,1.7 ,4.1 ,0.422,0.0,0.0,0.0  ,1.7 ,4.0 ,0.427,0.422,1.6,2.3 ,0.717,1.5,2.2,3.7 ,0.4 ,0.3,0.2,0.8,1.5,5.1
462,Bob Sura            ,PG   ,25.0,CLE,50.0,6.0 ,16.8,1.4 ,4.2 ,0.333,0.2,0.9,0.2  ,1.2 ,3.3 ,0.37 ,0.355,1.3,2.1 ,0.631,0.4,1.6,2.0 ,3.0 ,0.9,0.3,1.3,2.0,4.3
463,Johnny Taylor       ,SF   ,24.0,DEN,36.0,9.0 ,20.1,2.3 ,5.5 ,0.414,0.7,1.9,0.382,1.6 ,3.6 ,0.431,0.48 ,0.5,0.6 ,0.739,0.8,2.0,2.8 ,0.7 ,0.8,0.5,0.9,2.7,5.8
464,Maurice Taylor      ,PF   ,22.0,LAC,46.0,45.0,32.7,6.8 ,14.7,0.461,0.0,0.1,0.167,6.7 ,14.5,0.463,0.461,3.3,4.5 ,0.728,2.2,3.1,5.3 ,1.5 ,0.3,0.6,2.6,3.9,16.8
465,John Thomas         ,C    ,23.0,TOR,39.0,11.0,15.2,1.8 ,3.2 ,0.577,0.0,0.0,0.0  ,1.8 ,3.1 ,0.582,0.577,0.7,1.2 ,0.563,1.7,1.8,3.4 ,0.4 ,0.4,0.2,0.5,2.1,4.3
466,Kurt Thomas         ,PF   ,26.0,NYK,50.0,44.0,23.6,3.4 ,7.4 ,0.462,0.0,0.0,0.0  ,3.4 ,7.3 ,0.463,0.462,1.3,2.2 ,0.611,1.6,4.1,5.7 ,1.1 ,0.9,0.3,1.5,3.2,8.1
467,Tim Thomas          ,SF   ,21.0,TOT,50.0,26.0,16.2,2.6 ,5.6 ,0.473,0.4,1.4,0.309,2.2 ,4.2 ,0.526,0.511,1.5,2.2 ,0.652,1.0,1.5,2.5 ,0.9 ,0.5,0.2,0.9,2.1,7.2
470,Otis Thorpe         ,PF   ,36.0,WAS,49.0,38.0,31.4,4.9 ,9.0 ,0.545,0.0,0.0,0.0  ,4.9 ,8.9 ,0.548,0.545,1.5,2.2 ,0.698,2.0,4.9,6.8 ,2.1 ,0.9,0.4,1.8,4.0,11.3
471,Robert Traylor      ,C    ,21.0,MIL,49.0,43.0,16.0,2.2 ,4.1 ,0.537,0.0,0.0,0.0  ,2.2 ,4.1 ,0.54 ,0.537,0.9,1.6 ,0.538,1.6,2.1,3.7 ,0.8 ,0.9,0.9,0.9,2.9,5.3
472,Gary Trent          ,PF   ,24.0,DAL,45.0,23.0,30.3,6.4 ,13.4,0.477,0.0,0.1,0.0  ,6.4 ,13.3,0.481,0.477,3.2,5.2 ,0.617,2.8,5.0,7.8 ,1.7 ,0.6,0.5,1.5,2.7,16.0
473,Nick Van Exel       ,PG   ,27.0,DEN,50.0,50.0,36.0,6.1 ,15.4,0.398,1.4,4.7,0.308,4.7 ,10.7,0.437,0.445,2.8,3.5 ,0.811,0.3,2.0,2.3 ,7.4 ,0.8,0.1,2.4,1.8,16.5
474,Keith Van Horn      ,PF   ,23.0,NJN,42.0,42.0,37.5,7.7 ,17.9,0.428,0.4,1.3,0.302,7.3 ,16.6,0.438,0.439,6.1,7.1 ,0.859,2.7,5.8,8.5 ,1.5 ,1.0,1.3,3.2,3.2,21.8
476,Jacque Vaughn       ,PG   ,23.0,UTA,19.0,0.0 ,4.6 ,0.6 ,1.6 ,0.367,0.1,0.4,0.25 ,0.5 ,1.2 ,0.409,0.4  ,1.1,1.3 ,0.833,0.1,0.5,0.6 ,0.6 ,0.3,0.0,0.7,0.7,2.3
477,Loy Vaught          ,PF   ,30.0,DET,37.0,10.0,13.0,1.6 ,4.2 ,0.381,0.0,0.0,0.0  ,1.6 ,4.2 ,0.383,0.381,0.2,0.4 ,0.643,1.0,3.0,3.9 ,0.3 ,0.4,0.2,0.5,1.5,3.4
479,Antoine Walker      ,PF   ,22.0,BOS,42.0,41.0,36.9,7.2 ,17.5,0.412,1.5,4.2,0.369,5.7 ,13.3,0.426,0.456,2.7,4.8 ,0.559,2.5,6.0,8.5 ,3.1 ,1.5,0.7,2.8,3.4,18.7
480,Samaki Walker       ,PF   ,22.0,DAL,39.0,2.0 ,14.6,2.3 ,4.9 ,0.463,0.0,0.0,0.0  ,2.3 ,4.8 ,0.466,0.463,1.4,2.5 ,0.541,1.2,2.5,3.7 ,0.2 ,0.2,0.4,0.9,2.2,5.9
483,Rasheed Wallace     ,PF   ,24.0,POR,49.0,18.0,28.9,4.9 ,9.7 ,0.508,0.3,0.6,0.419,4.7 ,9.1 ,0.515,0.522,2.7,3.7 ,0.732,1.2,3.8,4.9 ,1.2 ,1.0,1.1,1.6,3.6,12.8
485,Rex Walters         ,SG   ,28.0,MIA,33.0,13.0,15.3,1.1 ,2.9 ,0.368,0.4,1.2,0.316,0.7 ,1.7 ,0.404,0.432,0.6,0.7 ,0.826,0.3,1.2,1.5 ,1.8 ,0.3,0.1,1.0,1.9,3.1
486,Charlie Ward        ,PG   ,28.0,NYK,50.0,50.0,31.1,2.7 ,6.7 ,0.404,1.1,3.0,0.356,1.6 ,3.7 ,0.443,0.484,1.1,1.6 ,0.705,0.5,3.0,3.4 ,5.4 ,2.1,0.2,2.6,2.1,7.6
487,Eric Washington     ,SG   ,24.0,DEN,38.0,6.0 ,20.0,1.9 ,4.8 ,0.397,1.0,2.6,0.381,0.9 ,2.3 ,0.414,0.497,0.6,0.8 ,0.688,0.9,1.4,2.3 ,0.8 ,0.7,0.5,0.9,2.3,5.4
490,Chris Webber*       ,PF   ,25.0,SAC,42.0,42.0,40.9,9.0 ,18.5,0.486,0.1,0.8,0.118,8.9 ,17.7,0.503,0.488,1.9,4.1 ,0.454,3.5,9.4,13.0,4.1 ,1.4,2.1,3.5,3.5,20.0
491,Bonzi Wells         ,SF   ,22.0,POR,7.0 ,0.0 ,5.0 ,1.6 ,2.9 ,0.55 ,0.1,0.4,0.333,1.4 ,2.4 ,0.588,0.575,1.1,2.6 ,0.444,0.6,0.7,1.3 ,0.4 ,0.1,0.1,0.9,0.7,4.4
492,Bill Wennington     ,C    ,35.0,CHI,38.0,3.0 ,11.9,1.6 ,4.7 ,0.348,0.0,0.0,1.0  ,1.6 ,4.7 ,0.345,0.351,0.5,0.6 ,0.818,0.5,1.6,2.1 ,0.5 ,0.3,0.3,0.4,2.1,3.8
493,David Wesley        ,PG   ,28.0,CHH,50.0,50.0,37.0,4.9 ,10.9,0.446,1.2,3.4,0.359,3.6 ,7.5 ,0.485,0.502,3.2,3.8 ,0.832,0.5,2.8,3.2 ,6.4 ,2.0,0.2,2.8,2.6,14.1
494,Doug West           ,SG   ,31.0,VAN,14.0,2.0 ,21.0,2.2 ,4.6 ,0.477,0.0,0.1,0.0  ,2.2 ,4.5 ,0.492,0.477,1.4,1.8 ,0.76 ,0.4,1.4,1.8 ,1.4 ,1.1,0.5,0.9,2.7,5.8
496,DeJuan Wheat        ,PG   ,25.0,VAN,46.0,0.0 ,12.8,1.6 ,4.2 ,0.378,0.5,1.3,0.367,1.1 ,2.9 ,0.383,0.435,0.9,1.2 ,0.727,0.2,0.7,1.0 ,2.2 ,0.6,0.0,1.0,1.3,4.5
499,Chris Whitney       ,PG   ,27.0,WAS,39.0,1.0 ,11.3,1.6 ,4.0 ,0.41 ,0.8,2.4,0.337,0.8 ,1.6 ,0.525,0.513,0.7,0.8 ,0.871,0.2,1.0,1.2 ,1.8 ,0.5,0.1,0.9,1.3,4.8
500,Dominique Wilkins*  ,SF   ,39.0,ORL,27.0,2.0 ,9.3 ,1.9 ,4.9 ,0.379,0.2,0.7,0.263,1.7 ,4.2 ,0.398,0.398,1.1,1.6 ,0.69 ,1.1,1.5,2.6 ,0.6 ,0.1,0.0,0.9,0.7,5.0
502,Aaron Williams      ,PF   ,27.0,SEA,40.0,2.0 ,11.5,1.3 ,3.1 ,0.423,0.0,0.0,0.0  ,1.3 ,3.1 ,0.426,0.423,1.4,1.9 ,0.73 ,1.4,1.9,3.2 ,0.6 ,0.4,0.6,0.8,1.9,4.0
503,Alvin Williams      ,PG   ,24.0,TOR,50.0,45.0,21.0,1.9 ,4.7 ,0.401,0.3,0.8,0.333,1.6 ,3.9 ,0.415,0.43 ,0.9,1.0 ,0.846,0.4,1.3,1.6 ,2.6 ,1.0,0.2,1.1,1.9,5.0
506,Eric Williams       ,SF   ,26.0,DEN,38.0,8.0 ,20.5,2.1 ,5.8 ,0.365,0.2,0.7,0.231,1.9 ,5.1 ,0.383,0.379,2.9,3.7 ,0.799,0.9,1.2,2.1 ,1.0 ,0.7,0.2,1.3,2.0,7.3
509,Jason Williams      ,PG   ,23.0,SAC,50.0,50.0,36.1,4.6 ,12.3,0.374,2.0,6.5,0.31 ,2.6 ,5.9 ,0.446,0.455,1.6,2.1 ,0.752,0.3,2.8,3.1 ,6.0 ,1.9,0.0,2.9,1.8,12.8
510,Jayson Williams     ,C    ,30.0,NJN,30.0,30.0,34.0,3.2 ,7.3 ,0.445,0.0,0.1,0.0  ,3.2 ,7.2 ,0.449,0.445,1.6,2.8 ,0.565,4.9,7.1,12.0,1.1 ,0.8,2.0,1.5,4.2,8.1
519,Walt Williams       ,SF   ,28.0,POR,48.0,16.0,21.8,3.1 ,7.2 ,0.424,1.3,3.0,0.438,1.8 ,4.2 ,0.414,0.514,1.9,2.2 ,0.832,0.8,2.2,3.0 ,1.7 ,0.8,0.6,1.3,2.1,9.3
520,Corliss Williamson  ,SF   ,25.0,SAC,50.0,50.0,27.5,5.4 ,11.1,0.485,0.0,0.1,0.2  ,5.4 ,11.0,0.487,0.486,2.4,3.8 ,0.638,1.7,2.4,4.1 ,1.3 ,0.6,0.2,1.5,2.4,13.2
521,Kevin Willis        ,C    ,36.0,TOR,42.0,38.0,29.0,4.5 ,10.6,0.418,0.0,0.0,0.0  ,4.5 ,10.6,0.42 ,0.418,3.1,3.7 ,0.839,2.6,5.7,8.3 ,1.6 ,0.7,0.7,2.0,3.2,12.0
525,Haywoode Workman    ,PG   ,33.0,MIL,29.0,29.0,28.1,2.5 ,5.9 ,0.429,0.6,1.6,0.362,1.9 ,4.2 ,0.455,0.479,1.3,1.6 ,0.787,0.5,3.0,3.5 ,5.9 ,1.1,0.0,2.2,1.8,6.9
526,Lorenzen Wright     ,C    ,23.0,LAC,48.0,15.0,23.6,2.5 ,5.4 ,0.458,0.0,0.0,0.0  ,2.5 ,5.4 ,0.459,0.458,1.7,2.4 ,0.692,3.0,4.6,7.5 ,0.7 ,0.5,0.8,1.0,3.4,6.6
527,Korleone Young      ,SF   ,20.0,DET,3.0 ,0.0 ,5.0 ,1.7 ,3.3 ,0.5  ,0.3,1.3,0.25 ,1.3 ,2.0 ,0.667,0.55 ,0.7,0.7 ,1.0  ,0.7,0.7,1.3 ,0.3 ,0.0,0.0,0.3,1.0,4.3
